"","V1","V2","V3","V4","V5"
"1","Avro",100,0.029,0.014,1248
"2","Avro",1000,0.006,0.004,10249
"3","Avro",10000,0.012,0.012,100270
"4","Avro",20000,0.014,0.011,200311
"5","Avro",100000,0.067,0.065,1000564
"6","Avro",200000,0.089,0.086,2000900
"7","Avro",500000,0.11,0.067,5001886
"8","Avro",1000000,0.155,0.127,10003525
"9","Avro",2000000,0.324,0.223,20006801
"10","Avro",3000000,0.665,0.326,30010077
"11","Avro",4000000,0.777,0.531,40013353
"12","Avro",5000000,0.794,0.536,50016650
"13","Kryo",100,0,0.01,115
"14","Kryo",1000,0,0.001,1015
"15","Kryo",10000,0,0.003,10016
"16","Kryo",20000,0,0.002,20016
"17","Kryo",100000,0,0.003,100016
"18","Kryo",200000,0,0.005,200016
"19","Kryo",500000,0,0.008,500016
"20","Kryo",1000000,0,0.015,1000016
"21","Kryo",2000000,0,0.05,2000017
"22","Kryo",3000000,0,0.045,3000017
"23","Kryo",4000000,0,0.059,4000017
"24","Kryo",5000000,0,0.074,5000017
"25","MessagePack",100,0.008,0.009,1100
"26","MessagePack",1000,0.005,0.002,11000
"27","MessagePack",10000,0.006,0.006,110000
"28","MessagePack",20000,0.023,0.007,220000
"29","MessagePack",100000,0.01,0.008,1100000
"30","MessagePack",200000,0.018,0.012,2200000
"31","MessagePack",500000,0.041,0.029,5500000
"32","MessagePack",1000000,0.077,0.071,11000000
"33","MessagePack",2000000,0.156,0.12,22000000
"34","MessagePack",3000000,0.252,0.206,33000000
"35","MessagePack",4000000,0.375,0.283,44000000
"36","MessagePack",5000000,0.52,0.394,55000000
"37","Json",100,0.058,0.041,6701
"38","Json",1000,0.005,0.01,67001
"39","Json",10000,0.013,0.031,670001
"40","Json",20000,0.011,0.02,1340001
"41","Json",100000,0.049,0.045,6700001
"42","Json",200000,0.039,0.07,13400001
"43","Json",500000,0.094,0.231,33500001
"44","Json",1000000,0.195,0.424,67000001
"45","Json",2000000,0.355,0.771,134000001
"46","Json",3000000,0.649,1.474,201000001
"47","Json",4000000,0.82,2.311,268000001
"48","Json",5000000,1.005,2.494,335000001
"49","Avro",100,0.003,0,1248
"50","Avro",1000,0.003,0.001,10249
"51","Avro",10000,0.004,0.001,100270
"52","Avro",20000,0.006,0.002,200311
"53","Avro",100000,0.036,0.012,1000564
"54","Avro",200000,0.033,0.022,2000900
"55","Avro",500000,0.088,0.067,5001886
"56","Avro",1000000,0.171,0.128,10003525
"57","Avro",2000000,0.324,0.267,20006801
"58","Avro",3000000,0.535,0.382,30010077
"59","Avro",4000000,0.67,0.499,40013353
"60","Avro",5000000,0.833,0.566,50016650
"61","Kryo",100,0,0,115
"62","Kryo",1000,0,0,1015
"63","Kryo",10000,0,0,10016
"64","Kryo",20000,0,0.001,20016
"65","Kryo",100000,0,0.002,100016
"66","Kryo",200000,0,0.003,200016
"67","Kryo",500000,0,0.007,500016
"68","Kryo",1000000,0,0.014,1000016
"69","Kryo",2000000,0,0.03,2000017
"70","Kryo",3000000,0,0.043,3000017
"71","Kryo",4000000,0,0.058,4000017
"72","Kryo",5000000,0,0.074,5000017
"73","MessagePack",100,0.002,0,1100
"74","MessagePack",1000,0.002,0,11000
"75","MessagePack",10000,0.003,0.001,110000
"76","MessagePack",20000,0.004,0.002,220000
"77","MessagePack",100000,0.01,0.006,1100000
"78","MessagePack",200000,0.017,0.011,2200000
"79","MessagePack",500000,0.041,0.03,5500000
"80","MessagePack",1000000,0.088,0.069,11000000
"81","MessagePack",2000000,0.167,0.122,22000000
"82","MessagePack",3000000,0.265,0.193,33000000
"83","MessagePack",4000000,0.387,0.257,44000000
"84","MessagePack",5000000,0.461,0.304,55000000
"85","Json",100,0.003,0,6701
"86","Json",1000,0.003,0,67001
"87","Json",10000,0.004,0.003,670001
"88","Json",20000,0.008,0.007,1340001
"89","Json",100000,0.021,0.035,6700001
"90","Json",200000,0.037,0.07,13400001
"91","Json",500000,0.089,0.171,33500001
"92","Json",1000000,0.192,0.436,67000001
"93","Json",2000000,0.347,0.833,134000001
"94","Json",3000000,0.595,1.583,201000001
"95","Json",4000000,0.854,2.312,268000001
"96","Json",5000000,0.951,4.873,335000001
"97","Avro",100,0.003,0,1248
"98","Avro",1000,0.002,0,10249
"99","Avro",10000,0.004,0.001,100270
"100","Avro",20000,0.005,0.003,200311
"101","Avro",100000,0.017,0.011,1000564
"102","Avro",200000,0.033,0.022,2000900
"103","Avro",500000,0.079,0.055,5001886
"104","Avro",1000000,0.156,0.133,10003525
"105","Avro",2000000,0.321,0.235,20006801
"106","Avro",3000000,0.566,0.332,30010077
"107","Avro",4000000,0.644,0.447,40013353
"108","Avro",5000000,0.829,0.587,50016650
"109","Kryo",100,0,0,115
"110","Kryo",1000,0,0.001,1015
"111","Kryo",10000,0,0,10016
"112","Kryo",20000,0,0.001,20016
"113","Kryo",100000,0,0.002,100016
"114","Kryo",200000,0,0.003,200016
"115","Kryo",500000,0,0.007,500016
"116","Kryo",1000000,0,0.014,1000016
"117","Kryo",2000000,0,0.045,2000017
"118","Kryo",3000000,0,0.043,3000017
"119","Kryo",4000000,0,0.057,4000017
"120","Kryo",5000000,0,0.073,5000017
"121","MessagePack",100,0.003,0,1100
"122","MessagePack",1000,0.002,0,11000
"123","MessagePack",10000,0.003,0.001,110000
"124","MessagePack",20000,0.004,0.001,220000
"125","MessagePack",100000,0.011,0.006,1100000
"126","MessagePack",200000,0.017,0.012,2200000
"127","MessagePack",500000,0.041,0.029,5500000
"128","MessagePack",1000000,0.078,0.058,11000000
"129","MessagePack",2000000,0.171,0.121,22000000
"130","MessagePack",3000000,0.245,0.189,33000000
"131","MessagePack",4000000,0.378,0.301,44000000
"132","MessagePack",5000000,0.448,0.352,55000000
"133","Json",100,0.003,0,6701
"134","Json",1000,0.002,0.001,67001
"135","Json",10000,0.005,0.004,670001
"136","Json",20000,0.007,0.007,1340001
"137","Json",100000,0.021,0.033,6700001
"138","Json",200000,0.04,0.074,13400001
"139","Json",500000,0.088,0.194,33500001
"140","Json",1000000,0.206,0.47,67000001
"141","Json",2000000,0.352,0.774,134000001
"142","Json",3000000,0.634,1.577,201000001
"143","Json",4000000,0.864,2.366,268000001
"144","Json",5000000,1.052,2.583,335000001
"145","Avro",100,0.003,0,1248
"146","Avro",1000,0.002,0.001,10249
"147","Avro",10000,0.004,0.001,100270
"148","Avro",20000,0.005,0.003,200311
"149","Avro",100000,0.024,0.012,1000564
"150","Avro",200000,0.032,0.027,2000900
"151","Avro",500000,0.086,0.054,5001886
"152","Avro",1000000,0.151,0.111,10003525
"153","Avro",2000000,0.309,0.223,20006801
"154","Avro",3000000,0.459,0.328,30010077
"155","Avro",4000000,0.648,0.451,40013353
"156","Avro",5000000,1.095,0.636,50016650
"157","Kryo",100,0,0,115
"158","Kryo",1000,0,0,1015
"159","Kryo",10000,0,0,10016
"160","Kryo",20000,0,0,20016
"161","Kryo",100000,0,0.001,100016
"162","Kryo",200000,0,0.003,200016
"163","Kryo",500000,0,0.007,500016
"164","Kryo",1000000,0,0.014,1000016
"165","Kryo",2000000,0,0.028,2000017
"166","Kryo",3000000,0,0.043,3000017
"167","Kryo",4000000,0,0.057,4000017
"168","Kryo",5000000,0,0.077,5000017
"169","MessagePack",100,0.002,0,1100
"170","MessagePack",1000,0.003,0,11000
"171","MessagePack",10000,0.003,0.001,110000
"172","MessagePack",20000,0.004,0.002,220000
"173","MessagePack",100000,0.01,0.006,1100000
"174","MessagePack",200000,0.017,0.012,2200000
"175","MessagePack",500000,0.041,0.029,5500000
"176","MessagePack",1000000,0.084,0.058,11000000
"177","MessagePack",2000000,0.154,0.116,22000000
"178","MessagePack",3000000,0.267,0.289,33000000
"179","MessagePack",4000000,0.35,0.289,44000000
"180","MessagePack",5000000,0.425,0.331,55000000
"181","Json",100,0.003,0,6701
"182","Json",1000,0.003,0,67001
"183","Json",10000,0.004,0.004,670001
"184","Json",20000,0.006,0.007,1340001
"185","Json",100000,0.02,0.042,6700001
"186","Json",200000,0.039,0.066,13400001
"187","Json",500000,0.101,0.164,33500001
"188","Json",1000000,0.175,0.409,67000001
"189","Json",2000000,0.371,0.795,134000001
"190","Json",3000000,0.622,1.557,201000001
"191","Json",4000000,1.18,2.446,268000001
"192","Json",5000000,1.052,2.614,335000001
"193","Avro",100,0.002,0.001,1248
"194","Avro",1000,0.002,0,10249
"195","Avro",10000,0.003,0.002,100270
"196","Avro",20000,0.005,0.003,200311
"197","Avro",100000,0.017,0.011,1000564
"198","Avro",200000,0.033,0.021,2000900
"199","Avro",500000,0.078,0.054,5001886
"200","Avro",1000000,0.148,0.133,10003525
"201","Avro",2000000,0.356,0.244,20006801
"202","Avro",3000000,0.521,0.425,30010077
"203","Avro",4000000,0.669,0.453,40013353
"204","Avro",5000000,0.835,0.562,50016650
"205","Kryo",100,0,0,115
"206","Kryo",1000,0,0,1015
"207","Kryo",10000,0,0.001,10016
"208","Kryo",20000,0,0,20016
"209","Kryo",100000,0,0.001,100016
"210","Kryo",200000,0,0.003,200016
"211","Kryo",500000,0,0.008,500016
"212","Kryo",1000000,0,0.015,1000016
"213","Kryo",2000000,0,0.029,2000017
"214","Kryo",3000000,0,0.045,3000017
"215","Kryo",4000000,0,0.06,4000017
"216","Kryo",5000000,0,0.108,5000017
"217","MessagePack",100,0.002,0,1100
"218","MessagePack",1000,0.002,0,11000
"219","MessagePack",10000,0.003,0.001,110000
"220","MessagePack",20000,0.004,0.001,220000
"221","MessagePack",100000,0.01,0.006,1100000
"222","MessagePack",200000,0.018,0.013,2200000
"223","MessagePack",500000,0.045,0.035,5500000
"224","MessagePack",1000000,0.078,0.058,11000000
"225","MessagePack",2000000,0.158,0.127,22000000
"226","MessagePack",3000000,0.245,0.221,33000000
"227","MessagePack",4000000,0.364,0.361,44000000
"228","MessagePack",5000000,0.418,0.358,55000000
"229","Json",100,0.003,0.001,6701
"230","Json",1000,0.003,0,67001
"231","Json",10000,0.005,0.004,670001
"232","Json",20000,0.007,0.007,1340001
"233","Json",100000,0.02,0.033,6700001
"234","Json",200000,0.039,0.076,13400001
"235","Json",500000,0.09,0.167,33500001
"236","Json",1000000,0.179,0.397,67000001
"237","Json",2000000,0.363,0.814,134000001
"238","Json",3000000,0.625,1.517,201000001
"239","Json",4000000,0.882,2.499,268000001
"240","Json",5000000,1.038,2.573,335000001
"241","Avro",100,0.002,0.001,1248
"242","Avro",1000,0.002,0,10249
"243","Avro",10000,0.003,0.001,100270
"244","Avro",20000,0.005,0.003,200311
"245","Avro",100000,0.017,0.01,1000564
"246","Avro",200000,0.033,0.021,2000900
"247","Avro",500000,0.078,0.054,5001886
"248","Avro",1000000,0.166,0.104,10003525
"249","Avro",2000000,0.3,0.23,20006801
"250","Avro",3000000,0.564,0.353,30010077
"251","Avro",4000000,0.678,0.575,40013353
"252","Avro",5000000,1.092,0.613,50016650
"253","Kryo",100,0,0,115
"254","Kryo",1000,0,0,1015
"255","Kryo",10000,0,0,10016
"256","Kryo",20000,0,0.001,20016
"257","Kryo",100000,0,0.002,100016
"258","Kryo",200000,0,0.003,200016
"259","Kryo",500000,0,0.007,500016
"260","Kryo",1000000,0,0.014,1000016
"261","Kryo",2000000,0,0.029,2000017
"262","Kryo",3000000,0,0.044,3000017
"263","Kryo",4000000,0,0.067,4000017
"264","Kryo",5000000,0,0.072,5000017
"265","MessagePack",100,0.002,0.001,1100
"266","MessagePack",1000,0.002,0,11000
"267","MessagePack",10000,0.003,0.001,110000
"268","MessagePack",20000,0.003,0.002,220000
"269","MessagePack",100000,0.015,0.006,1100000
"270","MessagePack",200000,0.017,0.012,2200000
"271","MessagePack",500000,0.042,0.03,5500000
"272","MessagePack",1000000,0.086,0.059,11000000
"273","MessagePack",2000000,0.172,0.115,22000000
"274","MessagePack",3000000,0.27,0.222,33000000
"275","MessagePack",4000000,0.344,0.319,44000000
"276","MessagePack",5000000,0.398,0.332,55000000
"277","Json",100,0.003,0,6701
"278","Json",1000,0.002,0.001,67001
"279","Json",10000,0.004,0.004,670001
"280","Json",20000,0.012,0.007,1340001
"281","Json",100000,0.02,0.033,6700001
"282","Json",200000,0.044,0.078,13400001
"283","Json",500000,0.091,0.175,33500001
"284","Json",1000000,0.239,0.456,67000001
"285","Json",2000000,0.376,0.805,134000001
"286","Json",3000000,0.564,1.393,201000001
"287","Json",4000000,0.81,2.483,268000001
"288","Json",5000000,1.064,2.701,335000001
"289","Avro",100,0.002,0.001,1248
"290","Avro",1000,0.002,0,10249
"291","Avro",10000,0.003,0.002,100270
"292","Avro",20000,0.004,0.003,200311
"293","Avro",100000,0.019,0.011,1000564
"294","Avro",200000,0.032,0.022,2000900
"295","Avro",500000,0.079,0.054,5001886
"296","Avro",1000000,0.151,0.105,10003525
"297","Avro",2000000,0.301,0.244,20006801
"298","Avro",3000000,0.578,0.367,30010077
"299","Avro",4000000,0.736,0.45,40013353
"300","Avro",5000000,0.978,0.625,50016650
"301","Kryo",100,0,0,115
"302","Kryo",1000,0,0,1015
"303","Kryo",10000,0,0,10016
"304","Kryo",20000,0,0,20016
"305","Kryo",100000,0,0.002,100016
"306","Kryo",200000,0,0.004,200016
"307","Kryo",500000,0,0.008,500016
"308","Kryo",1000000,0,0.014,1000016
"309","Kryo",2000000,0,0.03,2000017
"310","Kryo",3000000,0,0.044,3000017
"311","Kryo",4000000,0,0.064,4000017
"312","Kryo",5000000,0,0.102,5000017
"313","MessagePack",100,0.003,0,1100
"314","MessagePack",1000,0.002,0,11000
"315","MessagePack",10000,0.003,0,110000
"316","MessagePack",20000,0.004,0.001,220000
"317","MessagePack",100000,0.01,0.006,1100000
"318","MessagePack",200000,0.018,0.012,2200000
"319","MessagePack",500000,0.043,0.031,5500000
"320","MessagePack",1000000,0.088,0.059,11000000
"321","MessagePack",2000000,0.173,0.122,22000000
"322","MessagePack",3000000,0.244,0.192,33000000
"323","MessagePack",4000000,0.326,0.259,44000000
"324","MessagePack",5000000,0.434,0.358,55000000
"325","Json",100,0.003,0,6701
"326","Json",1000,0.003,0,67001
"327","Json",10000,0.004,0.004,670001
"328","Json",20000,0.006,0.007,1340001
"329","Json",100000,0.019,0.032,6700001
"330","Json",200000,0.038,0.075,13400001
"331","Json",500000,0.103,0.167,33500001
"332","Json",1000000,0.328,0.409,67000001
"333","Json",2000000,0.356,0.846,134000001
"334","Json",3000000,0.637,1.511,201000001
"335","Json",4000000,0.776,2.299,268000001
"336","Json",5000000,1.011,2.737,335000001
"337","Avro",100,0.002,0,1248
"338","Avro",1000,0.003,0,10249
"339","Avro",10000,0.003,0.001,100270
"340","Avro",20000,0.006,0.002,200311
"341","Avro",100000,0.018,0.01,1000564
"342","Avro",200000,0.032,0.022,2000900
"343","Avro",500000,0.08,0.055,5001886
"344","Avro",1000000,0.15,0.105,10003525
"345","Avro",2000000,0.303,0.233,20006801
"346","Avro",3000000,0.523,0.364,30010077
"347","Avro",4000000,0.648,0.538,40013353
"348","Avro",5000000,1.137,0.613,50016650
"349","Kryo",100,0,0,115
"350","Kryo",1000,0,0,1015
"351","Kryo",10000,0,0.001,10016
"352","Kryo",20000,0,0.001,20016
"353","Kryo",100000,0,0.002,100016
"354","Kryo",200000,0,0.003,200016
"355","Kryo",500000,0,0.007,500016
"356","Kryo",1000000,0,0.015,1000016
"357","Kryo",2000000,0,0.029,2000017
"358","Kryo",3000000,0,0.043,3000017
"359","Kryo",4000000,0,0.068,4000017
"360","Kryo",5000000,0,0.079,5000017
"361","MessagePack",100,0.003,0,1100
"362","MessagePack",1000,0.003,0,11000
"363","MessagePack",10000,0.003,0.001,110000
"364","MessagePack",20000,0.003,0.002,220000
"365","MessagePack",100000,0.01,0.006,1100000
"366","MessagePack",200000,0.022,0.012,2200000
"367","MessagePack",500000,0.043,0.03,5500000
"368","MessagePack",1000000,0.082,0.061,11000000
"369","MessagePack",2000000,0.178,0.136,22000000
"370","MessagePack",3000000,0.237,0.191,33000000
"371","MessagePack",4000000,0.316,0.24,44000000
"372","MessagePack",5000000,0.447,0.321,55000000
"373","Json",100,0.003,0,6701
"374","Json",1000,0.003,0.001,67001
"375","Json",10000,0.005,0.004,670001
"376","Json",20000,0.006,0.008,1340001
"377","Json",100000,0.02,0.033,6700001
"378","Json",200000,0.044,0.102,13400001
"379","Json",500000,0.091,0.166,33500001
"380","Json",1000000,0.192,0.419,67000001
"381","Json",2000000,0.378,0.832,134000001
"382","Json",3000000,0.623,1.522,201000001
"383","Json",4000000,0.787,2.288,268000001
"384","Json",5000000,0.992,2.619,335000001
"385","Avro",100,0.002,0,1248
"386","Avro",1000,0.003,0.001,10249
"387","Avro",10000,0.003,0.001,100270
"388","Avro",20000,0.005,0.002,200311
"389","Avro",100000,0.017,0.011,1000564
"390","Avro",200000,0.033,0.022,2000900
"391","Avro",500000,0.084,0.054,5001886
"392","Avro",1000000,0.149,0.104,10003525
"393","Avro",2000000,0.304,0.211,20006801
"394","Avro",3000000,0.479,0.34,30010077
"395","Avro",4000000,0.674,0.478,40013353
"396","Avro",5000000,0.981,0.649,50016650
"397","Kryo",100,0,0,115
"398","Kryo",1000,0,0,1015
"399","Kryo",10000,0,0.001,10016
"400","Kryo",20000,0,0,20016
"401","Kryo",100000,0,0.002,100016
"402","Kryo",200000,0,0.003,200016
"403","Kryo",500000,0,0.007,500016
"404","Kryo",1000000,0,0.014,1000016
"405","Kryo",2000000,0,0.029,2000017
"406","Kryo",3000000,0,0.044,3000017
"407","Kryo",4000000,0,0.061,4000017
"408","Kryo",5000000,0,0.113,5000017
"409","MessagePack",100,0.003,0,1100
"410","MessagePack",1000,0.002,0,11000
"411","MessagePack",10000,0.004,0,110000
"412","MessagePack",20000,0.004,0.001,220000
"413","MessagePack",100000,0.011,0.006,1100000
"414","MessagePack",200000,0.017,0.012,2200000
"415","MessagePack",500000,0.043,0.03,5500000
"416","MessagePack",1000000,0.078,0.057,11000000
"417","MessagePack",2000000,0.227,0.144,22000000
"418","MessagePack",3000000,0.277,0.186,33000000
"419","MessagePack",4000000,0.389,0.25,44000000
"420","MessagePack",5000000,0.499,0.396,55000000
"421","Json",100,0.003,0.001,6701
"422","Json",1000,0.003,0,67001
"423","Json",10000,0.005,0.003,670001
"424","Json",20000,0.012,0.007,1340001
"425","Json",100000,0.021,0.033,6700001
"426","Json",200000,0.038,0.082,13400001
"427","Json",500000,0.106,0.234,33500001
"428","Json",1000000,0.215,0.452,67000001
"429","Json",2000000,0.378,0.834,134000001
"430","Json",3000000,0.693,1.533,201000001
"431","Json",4000000,0.812,2.301,268000001
"432","Json",5000000,1.024,2.7,335000001
"433","Avro",100,0.002,0,1248
"434","Avro",1000,0.002,0,10249
"435","Avro",10000,0.003,0.002,100270
"436","Avro",20000,0.006,0.002,200311
"437","Avro",100000,0.017,0.011,1000564
"438","Avro",200000,0.033,0.022,2000900
"439","Avro",500000,0.079,0.056,5001886
"440","Avro",1000000,0.149,0.106,10003525
"441","Avro",2000000,0.315,0.237,20006801
"442","Avro",3000000,0.551,0.37,30010077
"443","Avro",4000000,0.672,0.466,40013353
"444","Avro",5000000,0.909,0.576,50016650
"445","Kryo",100,0,0,115
"446","Kryo",1000,0,0.001,1015
"447","Kryo",10000,0,0,10016
"448","Kryo",20000,0,0,20016
"449","Kryo",100000,0,0.001,100016
"450","Kryo",200000,0,0.003,200016
"451","Kryo",500000,0,0.008,500016
"452","Kryo",1000000,0,0.015,1000016
"453","Kryo",2000000,0,0.03,2000017
"454","Kryo",3000000,0,0.045,3000017
"455","Kryo",4000000,0,0.059,4000017
"456","Kryo",5000000,0,0.089,5000017
"457","MessagePack",100,0.002,0,1100
"458","MessagePack",1000,0.005,0,11000
"459","MessagePack",10000,0.004,0.002,110000
"460","MessagePack",20000,0.004,0.001,220000
"461","MessagePack",100000,0.011,0.006,1100000
"462","MessagePack",200000,0.018,0.012,2200000
"463","MessagePack",500000,0.043,0.03,5500000
"464","MessagePack",1000000,0.106,0.075,11000000
"465","MessagePack",2000000,0.163,0.116,22000000
"466","MessagePack",3000000,0.251,0.181,33000000
"467","MessagePack",4000000,0.314,0.24,44000000
"468","MessagePack",5000000,0.454,0.318,55000000
"469","Json",100,0.002,0,6701
"470","Json",1000,0.003,0,67001
"471","Json",10000,0.005,0.003,670001
"472","Json",20000,0.012,0.007,1340001
"473","Json",100000,0.02,0.039,6700001
"474","Json",200000,0.036,0.066,13400001
"475","Json",500000,0.087,0.196,33500001
"476","Json",1000000,0.317,0.498,67000001
"477","Json",2000000,0.37,0.777,134000001
"478","Json",3000000,0.644,1.542,201000001
"479","Json",4000000,0.816,2.304,268000001
"480","Json",5000000,1.064,2.833,335000001
"481","Avro",100,0.002,0,1248
"482","Avro",1000,0.002,0,10249
"483","Avro",10000,0.003,0.002,100270
"484","Avro",20000,0.005,0.002,200311
"485","Avro",100000,0.017,0.011,1000564
"486","Avro",200000,0.033,0.021,2000900
"487","Avro",500000,0.086,0.055,5001886
"488","Avro",1000000,0.15,0.117,10003525
"489","Avro",2000000,0.309,0.24,20006801
"490","Avro",3000000,0.626,0.377,30010077
"491","Avro",4000000,0.751,0.502,40013353
"492","Avro",5000000,0.984,0.582,50016650
"493","Kryo",100,0,0,115
"494","Kryo",1000,0,0,1015
"495","Kryo",10000,0,0,10016
"496","Kryo",20000,0,0,20016
"497","Kryo",100000,0,0.001,100016
"498","Kryo",200000,0,0.003,200016
"499","Kryo",500000,0,0.008,500016
"500","Kryo",1000000,0,0.014,1000016
"501","Kryo",2000000,0,0.029,2000017
"502","Kryo",3000000,0,0.043,3000017
"503","Kryo",4000000,0,0.07,4000017
"504","Kryo",5000000,0,0.072,5000017
"505","MessagePack",100,0.002,0,1100
"506","MessagePack",1000,0.003,0,11000
"507","MessagePack",10000,0.003,0.001,110000
"508","MessagePack",20000,0.004,0.001,220000
"509","MessagePack",100000,0.01,0.005,1100000
"510","MessagePack",200000,0.018,0.012,2200000
"511","MessagePack",500000,0.04,0.034,5500000
"512","MessagePack",1000000,0.091,0.073,11000000
"513","MessagePack",2000000,0.164,0.116,22000000
"514","MessagePack",3000000,0.242,0.183,33000000
"515","MessagePack",4000000,0.324,0.271,44000000
"516","MessagePack",5000000,0.528,0.333,55000000
"517","Json",100,0.003,0,6701
"518","Json",1000,0.005,0.001,67001
"519","Json",10000,0.004,0.004,670001
"520","Json",20000,0.007,0.007,1340001
"521","Json",100000,0.021,0.034,6700001
"522","Json",200000,0.038,0.067,13400001
"523","Json",500000,0.101,0.18,33500001
"524","Json",1000000,0.203,0.487,67000001
"525","Json",2000000,0.402,0.837,134000001
"526","Json",3000000,0.612,1.593,201000001
"527","Json",4000000,0.86,2.263,268000001
"528","Json",5000000,1.034,2.689,335000001
"529","Avro",100,0.002,0.001,1248
"530","Avro",1000,0.002,0.001,10249
"531","Avro",10000,0.004,0.001,100270
"532","Avro",20000,0.005,0.002,200311
"533","Avro",100000,0.017,0.011,1000564
"534","Avro",200000,0.032,0.021,2000900
"535","Avro",500000,0.078,0.054,5001886
"536","Avro",1000000,0.149,0.135,10003525
"537","Avro",2000000,0.3,0.262,20006801
"538","Avro",3000000,0.467,0.33,30010077
"539","Avro",4000000,0.704,0.497,40013353
"540","Avro",5000000,0.824,0.606,50016650
"541","Kryo",100,0,0,115
"542","Kryo",1000,0,0,1015
"543","Kryo",10000,0,0,10016
"544","Kryo",20000,0,0,20016
"545","Kryo",100000,0,0.001,100016
"546","Kryo",200000,0,0.003,200016
"547","Kryo",500000,0,0.007,500016
"548","Kryo",1000000,0,0.015,1000016
"549","Kryo",2000000,0,0.04,2000017
"550","Kryo",3000000,0,0.043,3000017
"551","Kryo",4000000,0,0.074,4000017
"552","Kryo",5000000,0,0.075,5000017
"553","MessagePack",100,0.002,0,1100
"554","MessagePack",1000,0.003,0,11000
"555","MessagePack",10000,0.003,0.001,110000
"556","MessagePack",20000,0.004,0.001,220000
"557","MessagePack",100000,0.01,0.006,1100000
"558","MessagePack",200000,0.017,0.012,2200000
"559","MessagePack",500000,0.041,0.03,5500000
"560","MessagePack",1000000,0.083,0.061,11000000
"561","MessagePack",2000000,0.196,0.157,22000000
"562","MessagePack",3000000,0.275,0.235,33000000
"563","MessagePack",4000000,0.365,0.276,44000000
"564","MessagePack",5000000,0.609,0.322,55000000
"565","Json",100,0.002,0,6701
"566","Json",1000,0.003,0,67001
"567","Json",10000,0.004,0.004,670001
"568","Json",20000,0.013,0.008,1340001
"569","Json",100000,0.021,0.034,6700001
"570","Json",200000,0.038,0.066,13400001
"571","Json",500000,0.092,0.166,33500001
"572","Json",1000000,0.206,0.403,67000001
"573","Json",2000000,0.538,0.777,134000001
"574","Json",3000000,0.613,1.448,201000001
"575","Json",4000000,0.906,2.297,268000001
"576","Json",5000000,1.051,2.683,335000001
"577","Avro",100,0.018,0,1248
"578","Avro",1000,0.002,0,10249
"579","Avro",10000,0.003,0.001,100270
"580","Avro",20000,0.005,0.002,200311
"581","Avro",100000,0.018,0.011,1000564
"582","Avro",200000,0.034,0.021,2000900
"583","Avro",500000,0.08,0.055,5001886
"584","Avro",1000000,0.153,0.109,10003525
"585","Avro",2000000,0.308,0.22,20006801
"586","Avro",3000000,0.465,0.326,30010077
"587","Avro",4000000,0.753,0.482,40013353
"588","Avro",5000000,0.95,0.557,50016650
"589","Kryo",100,0,0,115
"590","Kryo",1000,0,0,1015
"591","Kryo",10000,0,0.001,10016
"592","Kryo",20000,0,0.001,20016
"593","Kryo",100000,0,0.002,100016
"594","Kryo",200000,0,0.003,200016
"595","Kryo",500000,0,0.008,500016
"596","Kryo",1000000,0,0.015,1000016
"597","Kryo",2000000,0,0.029,2000017
"598","Kryo",3000000,0,0.044,3000017
"599","Kryo",4000000,0,0.081,4000017
"600","Kryo",5000000,0,0.072,5000017
"601","MessagePack",100,0.002,0,1100
"602","MessagePack",1000,0.003,0,11000
"603","MessagePack",10000,0.003,0,110000
"604","MessagePack",20000,0.004,0.002,220000
"605","MessagePack",100000,0.01,0.007,1100000
"606","MessagePack",200000,0.018,0.012,2200000
"607","MessagePack",500000,0.045,0.03,5500000
"608","MessagePack",1000000,0.079,0.059,11000000
"609","MessagePack",2000000,0.154,0.146,22000000
"610","MessagePack",3000000,0.303,0.229,33000000
"611","MessagePack",4000000,0.342,0.267,44000000
"612","MessagePack",5000000,0.564,0.301,55000000
"613","Json",100,0.003,0,6701
"614","Json",1000,0.003,0,67001
"615","Json",10000,0.005,0.003,670001
"616","Json",20000,0.006,0.007,1340001
"617","Json",100000,0.03,0.033,6700001
"618","Json",200000,0.036,0.071,13400001
"619","Json",500000,0.086,0.161,33500001
"620","Json",1000000,0.171,0.401,67000001
"621","Json",2000000,0.356,0.792,134000001
"622","Json",3000000,0.553,1.489,201000001
"623","Json",4000000,0.82,2.356,268000001
"624","Json",5000000,1.083,2.561,335000001
"625","Avro",100,0.002,0,1248
"626","Avro",1000,0.002,0.001,10249
"627","Avro",10000,0.003,0.001,100270
"628","Avro",20000,0.005,0.003,200311
"629","Avro",100000,0.018,0.01,1000564
"630","Avro",200000,0.033,0.021,2000900
"631","Avro",500000,0.077,0.054,5001886
"632","Avro",1000000,0.149,0.103,10003525
"633","Avro",2000000,0.297,0.259,20006801
"634","Avro",3000000,0.505,0.378,30010077
"635","Avro",4000000,0.676,0.555,40013353
"636","Avro",5000000,0.795,0.59,50016650
"637","Kryo",100,0,0,115
"638","Kryo",1000,0,0,1015
"639","Kryo",10000,0,0,10016
"640","Kryo",20000,0,0.001,20016
"641","Kryo",100000,0,0.001,100016
"642","Kryo",200000,0,0.003,200016
"643","Kryo",500000,0,0.008,500016
"644","Kryo",1000000,0,0.014,1000016
"645","Kryo",2000000,0,0.03,2000017
"646","Kryo",3000000,0,0.043,3000017
"647","Kryo",4000000,0,0.062,4000017
"648","Kryo",5000000,0,0.071,5000017
"649","MessagePack",100,0.003,0,1100
"650","MessagePack",1000,0.002,0,11000
"651","MessagePack",10000,0.003,0.001,110000
"652","MessagePack",20000,0.004,0.001,220000
"653","MessagePack",100000,0.01,0.006,1100000
"654","MessagePack",200000,0.018,0.012,2200000
"655","MessagePack",500000,0.041,0.029,5500000
"656","MessagePack",1000000,0.089,0.061,11000000
"657","MessagePack",2000000,0.155,0.118,22000000
"658","MessagePack",3000000,0.251,0.18,33000000
"659","MessagePack",4000000,0.382,0.248,44000000
"660","MessagePack",5000000,0.42,0.312,55000000
"661","Json",100,0.002,0,6701
"662","Json",1000,0.002,0.001,67001
"663","Json",10000,0.004,0.003,670001
"664","Json",20000,0.006,0.006,1340001
"665","Json",100000,0.019,0.032,6700001
"666","Json",200000,0.037,0.08,13400001
"667","Json",500000,0.091,0.197,33500001
"668","Json",1000000,0.171,0.383,67000001
"669","Json",2000000,0.373,0.804,134000001
"670","Json",3000000,0.709,1.586,201000001
"671","Json",4000000,0.806,2.291,268000001
"672","Json",5000000,0.96,2.576,335000001
"673","Avro",100,0.002,0,1248
"674","Avro",1000,0.002,0.001,10249
"675","Avro",10000,0.004,0.001,100270
"676","Avro",20000,0.005,0.002,200311
"677","Avro",100000,0.017,0.011,1000564
"678","Avro",200000,0.033,0.021,2000900
"679","Avro",500000,0.079,0.054,5001886
"680","Avro",1000000,0.15,0.112,10003525
"681","Avro",2000000,0.3,0.261,20006801
"682","Avro",3000000,0.487,0.392,30010077
"683","Avro",4000000,0.792,0.433,40013353
"684","Avro",5000000,0.816,0.588,50016650
"685","Kryo",100,0,0,115
"686","Kryo",1000,0,0,1015
"687","Kryo",10000,0,0.001,10016
"688","Kryo",20000,0,0,20016
"689","Kryo",100000,0,0.001,100016
"690","Kryo",200000,0,0.003,200016
"691","Kryo",500000,0,0.008,500016
"692","Kryo",1000000,0,0.014,1000016
"693","Kryo",2000000,0,0.041,2000017
"694","Kryo",3000000,0,0.044,3000017
"695","Kryo",4000000,0,0.059,4000017
"696","Kryo",5000000,0,0.074,5000017
"697","MessagePack",100,0.003,0,1100
"698","MessagePack",1000,0.002,0,11000
"699","MessagePack",10000,0.003,0,110000
"700","MessagePack",20000,0.005,0.002,220000
"701","MessagePack",100000,0.01,0.007,1100000
"702","MessagePack",200000,0.019,0.012,2200000
"703","MessagePack",500000,0.041,0.029,5500000
"704","MessagePack",1000000,0.079,0.075,11000000
"705","MessagePack",2000000,0.224,0.146,22000000
"706","MessagePack",3000000,0.233,0.181,33000000
"707","MessagePack",4000000,0.356,0.246,44000000
"708","MessagePack",5000000,0.492,0.316,55000000
"709","Json",100,0.002,0.001,6701
"710","Json",1000,0.002,0.001,67001
"711","Json",10000,0.005,0.003,670001
"712","Json",20000,0.006,0.006,1340001
"713","Json",100000,0.019,0.033,6700001
"714","Json",200000,0.079,0.08,13400001
"715","Json",500000,0.087,0.16,33500001
"716","Json",1000000,0.187,0.416,67000001
"717","Json",2000000,0.38,0.751,134000001
"718","Json",3000000,0.694,1.452,201000001
"719","Json",4000000,0.819,2.253,268000001
"720","Json",5000000,0.999,2.604,335000001
"721","Avro",100,0.002,0,1248
"722","Avro",1000,0.002,0,10249
"723","Avro",10000,0.003,0.001,100270
"724","Avro",20000,0.004,0.003,200311
"725","Avro",100000,0.017,0.011,1000564
"726","Avro",200000,0.032,0.022,2000900
"727","Avro",500000,0.08,0.054,5001886
"728","Avro",1000000,0.148,0.103,10003525
"729","Avro",2000000,0.305,0.255,20006801
"730","Avro",3000000,0.487,0.351,30010077
"731","Avro",4000000,0.645,0.426,40013353
"732","Avro",5000000,0.887,0.561,50016650
"733","Kryo",100,0,0,115
"734","Kryo",1000,0,0,1015
"735","Kryo",10000,0,0,10016
"736","Kryo",20000,0,0,20016
"737","Kryo",100000,0,0.002,100016
"738","Kryo",200000,0,0.003,200016
"739","Kryo",500000,0,0.007,500016
"740","Kryo",1000000,0,0.015,1000016
"741","Kryo",2000000,0,0.029,2000017
"742","Kryo",3000000,0,0.045,3000017
"743","Kryo",4000000,0,0.077,4000017
"744","Kryo",5000000,0,0.076,5000017
"745","MessagePack",100,0.003,0,1100
"746","MessagePack",1000,0.001,0.001,11000
"747","MessagePack",10000,0.003,0,110000
"748","MessagePack",20000,0.003,0.002,220000
"749","MessagePack",100000,0.01,0.006,1100000
"750","MessagePack",200000,0.018,0.012,2200000
"751","MessagePack",500000,0.042,0.032,5500000
"752","MessagePack",1000000,0.081,0.058,11000000
"753","MessagePack",2000000,0.184,0.123,22000000
"754","MessagePack",3000000,0.231,0.199,33000000
"755","MessagePack",4000000,0.389,0.247,44000000
"756","MessagePack",5000000,0.497,0.323,55000000
"757","Json",100,0.003,0,6701
"758","Json",1000,0.002,0.001,67001
"759","Json",10000,0.004,0.004,670001
"760","Json",20000,0.009,0.012,1340001
"761","Json",100000,0.033,0.033,6700001
"762","Json",200000,0.036,0.067,13400001
"763","Json",500000,0.089,0.164,33500001
"764","Json",1000000,0.258,0.387,67000001
"765","Json",2000000,0.362,0.799,134000001
"766","Json",3000000,0.574,1.429,201000001
"767","Json",4000000,0.831,2.4,268000001
"768","Json",5000000,1.03,2.609,335000001
"769","Avro",100,0.003,0,1248
"770","Avro",1000,0.002,0,10249
"771","Avro",10000,0.003,0.002,100270
"772","Avro",20000,0.005,0.002,200311
"773","Avro",100000,0.018,0.011,1000564
"774","Avro",200000,0.033,0.022,2000900
"775","Avro",500000,0.079,0.054,5001886
"776","Avro",1000000,0.149,0.103,10003525
"777","Avro",2000000,0.297,0.223,20006801
"778","Avro",3000000,0.459,0.328,30010077
"779","Avro",4000000,0.676,0.421,40013353
"780","Avro",5000000,0.898,0.574,50016650
"781","Kryo",100,0,0,115
"782","Kryo",1000,0,0,1015
"783","Kryo",10000,0,0,10016
"784","Kryo",20000,0,0.001,20016
"785","Kryo",100000,0,0.001,100016
"786","Kryo",200000,0,0.003,200016
"787","Kryo",500000,0,0.008,500016
"788","Kryo",1000000,0,0.014,1000016
"789","Kryo",2000000,0,0.036,2000017
"790","Kryo",3000000,0,0.044,3000017
"791","Kryo",4000000,0,0.058,4000017
"792","Kryo",5000000,0,0.078,5000017
"793","MessagePack",100,0.002,0,1100
"794","MessagePack",1000,0.002,0,11000
"795","MessagePack",10000,0.003,0.001,110000
"796","MessagePack",20000,0.004,0.001,220000
"797","MessagePack",100000,0.01,0.006,1100000
"798","MessagePack",200000,0.017,0.012,2200000
"799","MessagePack",500000,0.04,0.029,5500000
"800","MessagePack",1000000,0.079,0.059,11000000
"801","MessagePack",2000000,0.154,0.162,22000000
"802","MessagePack",3000000,0.236,0.18,33000000
"803","MessagePack",4000000,0.314,0.25,44000000
"804","MessagePack",5000000,0.487,0.35,55000000
"805","Json",100,0.002,0.001,6701
"806","Json",1000,0.003,0,67001
"807","Json",10000,0.004,0.003,670001
"808","Json",20000,0.006,0.007,1340001
"809","Json",100000,0.02,0.043,6700001
"810","Json",200000,0.036,0.067,13400001
"811","Json",500000,0.128,0.18,33500001
"812","Json",1000000,0.179,0.396,67000001
"813","Json",2000000,0.364,0.817,134000001
"814","Json",3000000,0.59,1.514,201000001
"815","Json",4000000,0.819,2.34,268000001
"816","Json",5000000,1.02,2.619,335000001
"817","Avro",100,0.002,0,1248
"818","Avro",1000,0.002,0.001,10249
"819","Avro",10000,0.003,0.002,100270
"820","Avro",20000,0.005,0.003,200311
"821","Avro",100000,0.017,0.011,1000564
"822","Avro",200000,0.033,0.022,2000900
"823","Avro",500000,0.08,0.055,5001886
"824","Avro",1000000,0.154,0.106,10003525
"825","Avro",2000000,0.3,0.231,20006801
"826","Avro",3000000,0.517,0.311,30010077
"827","Avro",4000000,0.664,0.46,40013353
"828","Avro",5000000,0.865,0.605,50016650
"829","Kryo",100,0,0,115
"830","Kryo",1000,0,0.001,1015
"831","Kryo",10000,0,0,10016
"832","Kryo",20000,0,0.001,20016
"833","Kryo",100000,0,0.001,100016
"834","Kryo",200000,0,0.003,200016
"835","Kryo",500000,0,0.007,500016
"836","Kryo",1000000,0,0.014,1000016
"837","Kryo",2000000,0,0.029,2000017
"838","Kryo",3000000,0,0.044,3000017
"839","Kryo",4000000,0,0.06,4000017
"840","Kryo",5000000,0,0.072,5000017
"841","MessagePack",100,0.003,0,1100
"842","MessagePack",1000,0.003,0,11000
"843","MessagePack",10000,0.003,0.001,110000
"844","MessagePack",20000,0.007,0.003,220000
"845","MessagePack",100000,0.01,0.006,1100000
"846","MessagePack",200000,0.017,0.012,2200000
"847","MessagePack",500000,0.04,0.029,5500000
"848","MessagePack",1000000,0.081,0.061,11000000
"849","MessagePack",2000000,0.158,0.117,22000000
"850","MessagePack",3000000,0.244,0.182,33000000
"851","MessagePack",4000000,0.323,0.245,44000000
"852","MessagePack",5000000,0.483,0.362,55000000
"853","Json",100,0.003,0,6701
"854","Json",1000,0.003,0.001,67001
"855","Json",10000,0.004,0.004,670001
"856","Json",20000,0.006,0.007,1340001
"857","Json",100000,0.02,0.034,6700001
"858","Json",200000,0.038,0.067,13400001
"859","Json",500000,0.091,0.165,33500001
"860","Json",1000000,0.171,0.385,67000001
"861","Json",2000000,0.344,0.814,134000001
"862","Json",3000000,0.615,1.566,201000001
"863","Json",4000000,0.808,2.344,268000001
"864","Json",5000000,0.97,2.456,335000001
"865","Avro",100,0.001,0.001,1248
"866","Avro",1000,0.003,0.001,10249
"867","Avro",10000,0.003,0.002,100270
"868","Avro",20000,0.004,0.003,200311
"869","Avro",100000,0.017,0.011,1000564
"870","Avro",200000,0.033,0.022,2000900
"871","Avro",500000,0.078,0.054,5001886
"872","Avro",1000000,0.148,0.106,10003525
"873","Avro",2000000,0.332,0.208,20006801
"874","Avro",3000000,0.464,0.328,30010077
"875","Avro",4000000,0.622,0.473,40013353
"876","Avro",5000000,0.828,0.598,50016650
"877","Kryo",100,0,0,115
"878","Kryo",1000,0,0.001,1015
"879","Kryo",10000,0,0.001,10016
"880","Kryo",20000,0,0,20016
"881","Kryo",100000,0,0.001,100016
"882","Kryo",200000,0,0.003,200016
"883","Kryo",500000,0,0.007,500016
"884","Kryo",1000000,0,0.015,1000016
"885","Kryo",2000000,0,0.029,2000017
"886","Kryo",3000000,0,0.043,3000017
"887","Kryo",4000000,0,0.105,4000017
"888","Kryo",5000000,0,0.072,5000017
"889","MessagePack",100,0.002,0,1100
"890","MessagePack",1000,0.003,0,11000
"891","MessagePack",10000,0.003,0,110000
"892","MessagePack",20000,0.003,0.002,220000
"893","MessagePack",100000,0.01,0.007,1100000
"894","MessagePack",200000,0.017,0.012,2200000
"895","MessagePack",500000,0.039,0.029,5500000
"896","MessagePack",1000000,0.08,0.071,11000000
"897","MessagePack",2000000,0.155,0.131,22000000
"898","MessagePack",3000000,0.271,0.245,33000000
"899","MessagePack",4000000,0.345,0.256,44000000
"900","MessagePack",5000000,0.423,0.34,55000000
"901","Json",100,0.002,0.001,6701
"902","Json",1000,0.002,0.001,67001
"903","Json",10000,0.005,0.003,670001
"904","Json",20000,0.006,0.007,1340001
"905","Json",100000,0.021,0.038,6700001
"906","Json",200000,0.039,0.066,13400001
"907","Json",500000,0.092,0.165,33500001
"908","Json",1000000,0.176,0.422,67000001
"909","Json",2000000,0.343,0.807,134000001
"910","Json",3000000,0.668,1.412,201000001
"911","Json",4000000,0.793,2.308,268000001
"912","Json",5000000,1.006,2.567,335000001
"913","Avro",100,0.002,0,1248
"914","Avro",1000,0.003,0,10249
"915","Avro",10000,0.003,0.002,100270
"916","Avro",20000,0.007,0.002,200311
"917","Avro",100000,0.018,0.01,1000564
"918","Avro",200000,0.032,0.022,2000900
"919","Avro",500000,0.079,0.057,5001886
"920","Avro",1000000,0.155,0.107,10003525
"921","Avro",2000000,0.298,0.275,20006801
"922","Avro",3000000,0.529,0.33,30010077
"923","Avro",4000000,0.634,0.464,40013353
"924","Avro",5000000,0.836,0.582,50016650
"925","Kryo",100,0,0,115
"926","Kryo",1000,0,0.001,1015
"927","Kryo",10000,0,0.001,10016
"928","Kryo",20000,0,0,20016
"929","Kryo",100000,0,0.001,100016
"930","Kryo",200000,0,0.003,200016
"931","Kryo",500000,0,0.007,500016
"932","Kryo",1000000,0,0.015,1000016
"933","Kryo",2000000,0,0.029,2000017
"934","Kryo",3000000,0,0.043,3000017
"935","Kryo",4000000,0,0.073,4000017
"936","Kryo",5000000,0,0.074,5000017
"937","MessagePack",100,0.002,0,1100
"938","MessagePack",1000,0.002,0,11000
"939","MessagePack",10000,0.003,0.001,110000
"940","MessagePack",20000,0.004,0.001,220000
"941","MessagePack",100000,0.01,0.006,1100000
"942","MessagePack",200000,0.017,0.011,2200000
"943","MessagePack",500000,0.041,0.031,5500000
"944","MessagePack",1000000,0.079,0.058,11000000
"945","MessagePack",2000000,0.205,0.129,22000000
"946","MessagePack",3000000,0.254,0.196,33000000
"947","MessagePack",4000000,0.357,0.31,44000000
"948","MessagePack",5000000,0.453,0.31,55000000
"949","Json",100,0.031,0,6701
"950","Json",1000,0.006,0.001,67001
"951","Json",10000,0.006,0.003,670001
"952","Json",20000,0.012,0.007,1340001
"953","Json",100000,0.02,0.033,6700001
"954","Json",200000,0.038,0.066,13400001
"955","Json",500000,0.103,0.165,33500001
"956","Json",1000000,0.196,0.404,67000001
"957","Json",2000000,0.347,0.776,134000001
"958","Json",3000000,0.654,1.52,201000001
"959","Json",4000000,0.765,2.254,268000001
"960","Json",5000000,0.991,2.553,335000001
"961","Avro",100,0.002,0,1248
"962","Avro",1000,0.002,0,10249
"963","Avro",10000,0.004,0.001,100270
"964","Avro",20000,0.005,0.002,200311
"965","Avro",100000,0.017,0.011,1000564
"966","Avro",200000,0.032,0.021,2000900
"967","Avro",500000,0.079,0.052,5001886
"968","Avro",1000000,0.194,0.104,10003525
"969","Avro",2000000,0.356,0.222,20006801
"970","Avro",3000000,0.485,0.338,30010077
"971","Avro",4000000,0.675,0.433,40013353
"972","Avro",5000000,0.884,0.579,50016650
"973","Kryo",100,0,0,115
"974","Kryo",1000,0,0,1015
"975","Kryo",10000,0,0,10016
"976","Kryo",20000,0,0,20016
"977","Kryo",100000,0,0.001,100016
"978","Kryo",200000,0,0.003,200016
"979","Kryo",500000,0,0.007,500016
"980","Kryo",1000000,0,0.015,1000016
"981","Kryo",2000000,0,0.029,2000017
"982","Kryo",3000000,0,0.043,3000017
"983","Kryo",4000000,0,0.07,4000017
"984","Kryo",5000000,0,0.092,5000017
"985","MessagePack",100,0.003,0,1100
"986","MessagePack",1000,0.002,0,11000
"987","MessagePack",10000,0.003,0,110000
"988","MessagePack",20000,0.004,0.001,220000
"989","MessagePack",100000,0.01,0.006,1100000
"990","MessagePack",200000,0.017,0.012,2200000
"991","MessagePack",500000,0.04,0.03,5500000
"992","MessagePack",1000000,0.079,0.066,11000000
"993","MessagePack",2000000,0.155,0.159,22000000
"994","MessagePack",3000000,0.23,0.177,33000000
"995","MessagePack",4000000,0.387,0.262,44000000
"996","MessagePack",5000000,0.566,0.3,55000000
"997","Json",100,0.002,0,6701
"998","Json",1000,0.003,0,67001
"999","Json",10000,0.005,0.004,670001
"1000","Json",20000,0.006,0.007,1340001
"1001","Json",100000,0.02,0.032,6700001
"1002","Json",200000,0.036,0.066,13400001
"1003","Json",500000,0.089,0.182,33500001
"1004","Json",1000000,0.172,0.394,67000001
"1005","Json",2000000,0.372,0.784,134000001
"1006","Json",3000000,0.593,1.41,201000001
"1007","Json",4000000,0.836,2.342,268000001
"1008","Json",5000000,0.956,2.623,335000001
"1009","Avro",100,0.001,0.001,1248
"1010","Avro",1000,0.002,0,10249
"1011","Avro",10000,0.003,0.002,100270
"1012","Avro",20000,0.005,0.003,200311
"1013","Avro",100000,0.017,0.01,1000564
"1014","Avro",200000,0.033,0.021,2000900
"1015","Avro",500000,0.078,0.054,5001886
"1016","Avro",1000000,0.149,0.108,10003525
"1017","Avro",2000000,0.346,0.239,20006801
"1018","Avro",3000000,0.534,0.369,30010077
"1019","Avro",4000000,0.623,0.497,40013353
"1020","Avro",5000000,0.879,0.589,50016650
"1021","Kryo",100,0,0,115
"1022","Kryo",1000,0,0,1015
"1023","Kryo",10000,0,0,10016
"1024","Kryo",20000,0,0,20016
"1025","Kryo",100000,0,0.002,100016
"1026","Kryo",200000,0,0.003,200016
"1027","Kryo",500000,0,0.007,500016
"1028","Kryo",1000000,0,0.014,1000016
"1029","Kryo",2000000,0,0.029,2000017
"1030","Kryo",3000000,0,0.044,3000017
"1031","Kryo",4000000,0,0.058,4000017
"1032","Kryo",5000000,0,0.091,5000017
"1033","MessagePack",100,0.002,0,1100
"1034","MessagePack",1000,0.002,0,11000
"1035","MessagePack",10000,0.003,0.001,110000
"1036","MessagePack",20000,0.004,0.001,220000
"1037","MessagePack",100000,0.01,0.006,1100000
"1038","MessagePack",200000,0.017,0.011,2200000
"1039","MessagePack",500000,0.043,0.03,5500000
"1040","MessagePack",1000000,0.093,0.059,11000000
"1041","MessagePack",2000000,0.17,0.117,22000000
"1042","MessagePack",3000000,0.242,0.184,33000000
"1043","MessagePack",4000000,0.303,0.307,44000000
"1044","MessagePack",5000000,0.417,0.351,55000000
"1045","Json",100,0.003,0,6701
"1046","Json",1000,0.003,0.001,67001
"1047","Json",10000,0.005,0.003,670001
"1048","Json",20000,0.006,0.007,1340001
"1049","Json",100000,0.02,0.04,6700001
"1050","Json",200000,0.037,0.066,13400001
"1051","Json",500000,0.09,0.162,33500001
"1052","Json",1000000,0.171,0.387,67000001
"1053","Json",2000000,0.389,0.836,134000001
"1054","Json",3000000,0.606,1.473,201000001
"1055","Json",4000000,0.76,2.259,268000001
"1056","Json",5000000,1.006,2.69,335000001
"1057","Avro",100,0.002,0.001,1248
"1058","Avro",1000,0.002,0.001,10249
"1059","Avro",10000,0.003,0.002,100270
"1060","Avro",20000,0.004,0.003,200311
"1061","Avro",100000,0.017,0.011,1000564
"1062","Avro",200000,0.033,0.022,2000900
"1063","Avro",500000,0.08,0.054,5001886
"1064","Avro",1000000,0.15,0.111,10003525
"1065","Avro",2000000,0.299,0.237,20006801
"1066","Avro",3000000,0.478,0.328,30010077
"1067","Avro",4000000,0.66,0.46,40013353
"1068","Avro",5000000,0.76,0.555,50016650
"1069","Kryo",100,0,0,115
"1070","Kryo",1000,0,0,1015
"1071","Kryo",10000,0,0,10016
"1072","Kryo",20000,0,0,20016
"1073","Kryo",100000,0,0.001,100016
"1074","Kryo",200000,0,0.003,200016
"1075","Kryo",500000,0,0.008,500016
"1076","Kryo",1000000,0,0.014,1000016
"1077","Kryo",2000000,0,0.03,2000017
"1078","Kryo",3000000,0,0.044,3000017
"1079","Kryo",4000000,0,0.074,4000017
"1080","Kryo",5000000,0,0.089,5000017
"1081","MessagePack",100,0.002,0,1100
"1082","MessagePack",1000,0.002,0,11000
"1083","MessagePack",10000,0.003,0,110000
"1084","MessagePack",20000,0.003,0.002,220000
"1085","MessagePack",100000,0.009,0.006,1100000
"1086","MessagePack",200000,0.017,0.012,2200000
"1087","MessagePack",500000,0.04,0.031,5500000
"1088","MessagePack",1000000,0.078,0.062,11000000
"1089","MessagePack",2000000,0.16,0.133,22000000
"1090","MessagePack",3000000,0.262,0.193,33000000
"1091","MessagePack",4000000,0.326,0.259,44000000
"1092","MessagePack",5000000,0.391,0.327,55000000
"1093","Json",100,0.002,0,6701
"1094","Json",1000,0.002,0,67001
"1095","Json",10000,0.004,0.003,670001
"1096","Json",20000,0.007,0.006,1340001
"1097","Json",100000,0.02,0.032,6700001
"1098","Json",200000,0.036,0.064,13400001
"1099","Json",500000,0.088,0.161,33500001
"1100","Json",1000000,0.174,0.389,67000001
"1101","Json",2000000,0.351,0.814,134000001
"1102","Json",3000000,0.599,1.498,201000001
"1103","Json",4000000,0.891,2.231,268000001
"1104","Json",5000000,1.006,2.618,335000001
"1105","Avro",100,0.002,0,1248
"1106","Avro",1000,0.002,0.001,10249
"1107","Avro",10000,0.004,0.001,100270
"1108","Avro",20000,0.004,0.003,200311
"1109","Avro",100000,0.017,0.011,1000564
"1110","Avro",200000,0.033,0.021,2000900
"1111","Avro",500000,0.079,0.054,5001886
"1112","Avro",1000000,0.15,0.124,10003525
"1113","Avro",2000000,0.346,0.257,20006801
"1114","Avro",3000000,0.521,0.346,30010077
"1115","Avro",4000000,0.617,0.426,40013353
"1116","Avro",5000000,0.744,0.603,50016650
"1117","Kryo",100,0,0,115
"1118","Kryo",1000,0,0,1015
"1119","Kryo",10000,0,0,10016
"1120","Kryo",20000,0,0,20016
"1121","Kryo",100000,0,0.001,100016
"1122","Kryo",200000,0,0.004,200016
"1123","Kryo",500000,0,0.007,500016
"1124","Kryo",1000000,0,0.015,1000016
"1125","Kryo",2000000,0,0.035,2000017
"1126","Kryo",3000000,0,0.043,3000017
"1127","Kryo",4000000,0,0.057,4000017
"1128","Kryo",5000000,0,0.073,5000017
"1129","MessagePack",100,0.003,0,1100
"1130","MessagePack",1000,0.003,0,11000
"1131","MessagePack",10000,0.004,0,110000
"1132","MessagePack",20000,0.003,0.001,220000
"1133","MessagePack",100000,0.01,0.006,1100000
"1134","MessagePack",200000,0.017,0.012,2200000
"1135","MessagePack",500000,0.039,0.029,5500000
"1136","MessagePack",1000000,0.092,0.07,11000000
"1137","MessagePack",2000000,0.176,0.136,22000000
"1138","MessagePack",3000000,0.273,0.188,33000000
"1139","MessagePack",4000000,0.354,0.236,44000000
"1140","MessagePack",5000000,0.405,0.335,55000000
"1141","Json",100,0.003,0,6701
"1142","Json",1000,0.002,0.001,67001
"1143","Json",10000,0.005,0.003,670001
"1144","Json",20000,0.006,0.007,1340001
"1145","Json",100000,0.026,0.033,6700001
"1146","Json",200000,0.037,0.066,13400001
"1147","Json",500000,0.102,0.167,33500001
"1148","Json",1000000,0.175,0.392,67000001
"1149","Json",2000000,0.364,0.793,134000001
"1150","Json",3000000,0.692,1.465,201000001
"1151","Json",4000000,0.799,2.258,268000001
"1152","Json",5000000,0.965,2.642,335000001
"1153","Avro",100,0.003,0,1248
"1154","Avro",1000,0.002,0,10249
"1155","Avro",10000,0.003,0.002,100270
"1156","Avro",20000,0.005,0.002,200311
"1157","Avro",100000,0.017,0.011,1000564
"1158","Avro",200000,0.033,0.021,2000900
"1159","Avro",500000,0.08,0.074,5001886
"1160","Avro",1000000,0.156,0.108,10003525
"1161","Avro",2000000,0.328,0.254,20006801
"1162","Avro",3000000,0.556,0.38,30010077
"1163","Avro",4000000,0.685,0.434,40013353
"1164","Avro",5000000,0.754,0.609,50016650
"1165","Kryo",100,0,0,115
"1166","Kryo",1000,0,0.001,1015
"1167","Kryo",10000,0,0,10016
"1168","Kryo",20000,0,0,20016
"1169","Kryo",100000,0,0.001,100016
"1170","Kryo",200000,0,0.003,200016
"1171","Kryo",500000,0,0.007,500016
"1172","Kryo",1000000,0,0.014,1000016
"1173","Kryo",2000000,0,0.048,2000017
"1174","Kryo",3000000,0,0.045,3000017
"1175","Kryo",4000000,0,0.059,4000017
"1176","Kryo",5000000,0,0.077,5000017
"1177","MessagePack",100,0.002,0,1100
"1178","MessagePack",1000,0.002,0.001,11000
"1179","MessagePack",10000,0.003,0.001,110000
"1180","MessagePack",20000,0.004,0.001,220000
"1181","MessagePack",100000,0.01,0.006,1100000
"1182","MessagePack",200000,0.017,0.011,2200000
"1183","MessagePack",500000,0.042,0.037,5500000
"1184","MessagePack",1000000,0.077,0.057,11000000
"1185","MessagePack",2000000,0.16,0.12,22000000
"1186","MessagePack",3000000,0.308,0.214,33000000
"1187","MessagePack",4000000,0.348,0.285,44000000
"1188","MessagePack",5000000,0.433,0.357,55000000
"1189","Json",100,0.003,0,6701
"1190","Json",1000,0.003,0,67001
"1191","Json",10000,0.005,0.003,670001
"1192","Json",20000,0.013,0.008,1340001
"1193","Json",100000,0.02,0.034,6700001
"1194","Json",200000,0.039,0.066,13400001
"1195","Json",500000,0.091,0.165,33500001
"1196","Json",1000000,0.178,0.391,67000001
"1197","Json",2000000,0.353,0.76,134000001
"1198","Json",3000000,0.634,1.473,201000001
"1199","Json",4000000,0.791,2.301,268000001
"1200","Json",5000000,1.038,2.62,335000001
"1201","Avro",100,0.002,0,1248
"1202","Avro",1000,0.002,0,10249
"1203","Avro",10000,0.004,0.001,100270
"1204","Avro",20000,0.004,0.003,200311
"1205","Avro",100000,0.017,0.012,1000564
"1206","Avro",200000,0.033,0.021,2000900
"1207","Avro",500000,0.079,0.055,5001886
"1208","Avro",1000000,0.151,0.115,10003525
"1209","Avro",2000000,0.307,0.218,20006801
"1210","Avro",3000000,0.48,0.326,30010077
"1211","Avro",4000000,0.642,0.435,40013353
"1212","Avro",5000000,0.839,0.631,50016650
"1213","Kryo",100,0,0,115
"1214","Kryo",1000,0,0,1015
"1215","Kryo",10000,0,0.001,10016
"1216","Kryo",20000,0,0,20016
"1217","Kryo",100000,0,0.002,100016
"1218","Kryo",200000,0,0.003,200016
"1219","Kryo",500000,0,0.008,500016
"1220","Kryo",1000000,0,0.014,1000016
"1221","Kryo",2000000,0,0.029,2000017
"1222","Kryo",3000000,0,0.046,3000017
"1223","Kryo",4000000,0,0.057,4000017
"1224","Kryo",5000000,0,0.073,5000017
"1225","MessagePack",100,0.003,0,1100
"1226","MessagePack",1000,0.002,0,11000
"1227","MessagePack",10000,0.003,0.001,110000
"1228","MessagePack",20000,0.004,0.001,220000
"1229","MessagePack",100000,0.01,0.006,1100000
"1230","MessagePack",200000,0.017,0.012,2200000
"1231","MessagePack",500000,0.04,0.029,5500000
"1232","MessagePack",1000000,0.085,0.066,11000000
"1233","MessagePack",2000000,0.199,0.116,22000000
"1234","MessagePack",3000000,0.275,0.182,33000000
"1235","MessagePack",4000000,0.312,0.238,44000000
"1236","MessagePack",5000000,0.395,0.312,55000000
"1237","Json",100,0.002,0,6701
"1238","Json",1000,0.002,0.001,67001
"1239","Json",10000,0.004,0.003,670001
"1240","Json",20000,0.006,0.006,1340001
"1241","Json",100000,0.019,0.032,6700001
"1242","Json",200000,0.036,0.081,13400001
"1243","Json",500000,0.087,0.16,33500001
"1244","Json",1000000,0.172,0.414,67000001
"1245","Json",2000000,0.395,0.772,134000001
"1246","Json",3000000,0.628,1.474,201000001
"1247","Json",4000000,0.856,2.29,268000001
"1248","Json",5000000,0.98,2.462,335000001
"1249","Avro",100,0.003,0,1248
"1250","Avro",1000,0.002,0.001,10249
"1251","Avro",10000,0.003,0.001,100270
"1252","Avro",20000,0.005,0.003,200311
"1253","Avro",100000,0.017,0.011,1000564
"1254","Avro",200000,0.032,0.022,2000900
"1255","Avro",500000,0.09,0.055,5001886
"1256","Avro",1000000,0.152,0.106,10003525
"1257","Avro",2000000,0.302,0.222,20006801
"1258","Avro",3000000,0.466,0.33,30010077
"1259","Avro",4000000,0.612,0.451,40013353
"1260","Avro",5000000,0.797,0.576,50016650
"1261","Kryo",100,0,0,115
"1262","Kryo",1000,0,0,1015
"1263","Kryo",10000,0,0,10016
"1264","Kryo",20000,0,0,20016
"1265","Kryo",100000,0,0.002,100016
"1266","Kryo",200000,0,0.003,200016
"1267","Kryo",500000,0,0.007,500016
"1268","Kryo",1000000,0,0.014,1000016
"1269","Kryo",2000000,0,0.028,2000017
"1270","Kryo",3000000,0,0.043,3000017
"1271","Kryo",4000000,0,0.058,4000017
"1272","Kryo",5000000,0,0.077,5000017
"1273","MessagePack",100,0.002,0,1100
"1274","MessagePack",1000,0.002,0,11000
"1275","MessagePack",10000,0.003,0,110000
"1276","MessagePack",20000,0.003,0.002,220000
"1277","MessagePack",100000,0.009,0.006,1100000
"1278","MessagePack",200000,0.019,0.012,2200000
"1279","MessagePack",500000,0.04,0.03,5500000
"1280","MessagePack",1000000,0.076,0.065,11000000
"1281","MessagePack",2000000,0.172,0.145,22000000
"1282","MessagePack",3000000,0.253,0.25,33000000
"1283","MessagePack",4000000,0.343,0.252,44000000
"1284","MessagePack",5000000,0.424,0.325,55000000
"1285","Json",100,0.003,0,6701
"1286","Json",1000,0.003,0,67001
"1287","Json",10000,0.004,0.004,670001
"1288","Json",20000,0.006,0.007,1340001
"1289","Json",100000,0.021,0.033,6700001
"1290","Json",200000,0.04,0.066,13400001
"1291","Json",500000,0.094,0.166,33500001
"1292","Json",1000000,0.179,0.386,67000001
"1293","Json",2000000,0.35,0.773,134000001
"1294","Json",3000000,0.63,1.513,201000001
"1295","Json",4000000,0.824,2.313,268000001
"1296","Json",5000000,0.998,2.538,335000001
"1297","Avro",100,0.003,0,1248
"1298","Avro",1000,0.002,0,10249
"1299","Avro",10000,0.003,0.001,100270
"1300","Avro",20000,0.005,0.002,200311
"1301","Avro",100000,0.017,0.01,1000564
"1302","Avro",200000,0.033,0.021,2000900
"1303","Avro",500000,0.08,0.074,5001886
"1304","Avro",1000000,0.151,0.112,10003525
"1305","Avro",2000000,0.315,0.255,20006801
"1306","Avro",3000000,0.531,0.34,30010077
"1307","Avro",4000000,0.786,0.446,40013353
"1308","Avro",5000000,0.861,0.622,50016650
"1309","Kryo",100,0,0,115
"1310","Kryo",1000,0,0,1015
"1311","Kryo",10000,0,0.001,10016
"1312","Kryo",20000,0,0,20016
"1313","Kryo",100000,0,0.001,100016
"1314","Kryo",200000,0,0.003,200016
"1315","Kryo",500000,0,0.007,500016
"1316","Kryo",1000000,0,0.015,1000016
"1317","Kryo",2000000,0,0.029,2000017
"1318","Kryo",3000000,0,0.044,3000017
"1319","Kryo",4000000,0,0.061,4000017
"1320","Kryo",5000000,0,0.072,5000017
"1321","MessagePack",100,0.003,0,1100
"1322","MessagePack",1000,0.002,0,11000
"1323","MessagePack",10000,0.003,0.001,110000
"1324","MessagePack",20000,0.004,0.001,220000
"1325","MessagePack",100000,0.01,0.006,1100000
"1326","MessagePack",200000,0.016,0.012,2200000
"1327","MessagePack",500000,0.041,0.03,5500000
"1328","MessagePack",1000000,0.078,0.06,11000000
"1329","MessagePack",2000000,0.177,0.122,22000000
"1330","MessagePack",3000000,0.241,0.198,33000000
"1331","MessagePack",4000000,0.306,0.236,44000000
"1332","MessagePack",5000000,0.442,0.355,55000000
"1333","Json",100,0.003,0,6701
"1334","Json",1000,0.002,0.001,67001
"1335","Json",10000,0.005,0.003,670001
"1336","Json",20000,0.006,0.007,1340001
"1337","Json",100000,0.02,0.033,6700001
"1338","Json",200000,0.036,0.068,13400001
"1339","Json",500000,0.088,0.189,33500001
"1340","Json",1000000,0.175,0.387,67000001
"1341","Json",2000000,0.404,0.842,134000001
"1342","Json",3000000,0.62,1.408,201000001
"1343","Json",4000000,0.796,2.286,268000001
"1344","Json",5000000,1,2.514,335000001
"1345","Avro",100,0.002,0,1248
"1346","Avro",1000,0.001,0.001,10249
"1347","Avro",10000,0.003,0.001,100270
"1348","Avro",20000,0.005,0.002,200311
"1349","Avro",100000,0.017,0.01,1000564
"1350","Avro",200000,0.034,0.022,2000900
"1351","Avro",500000,0.085,0.075,5001886
"1352","Avro",1000000,0.15,0.128,10003525
"1353","Avro",2000000,0.301,0.254,20006801
"1354","Avro",3000000,0.497,0.354,30010077
"1355","Avro",4000000,0.609,0.444,40013353
"1356","Avro",5000000,0.805,0.651,50016650
"1357","Kryo",100,0,0,115
"1358","Kryo",1000,0,0.001,1015
"1359","Kryo",10000,0,0,10016
"1360","Kryo",20000,0,0,20016
"1361","Kryo",100000,0,0.002,100016
"1362","Kryo",200000,0,0.003,200016
"1363","Kryo",500000,0,0.007,500016
"1364","Kryo",1000000,0,0.015,1000016
"1365","Kryo",2000000,0,0.03,2000017
"1366","Kryo",3000000,0,0.047,3000017
"1367","Kryo",4000000,0,0.059,4000017
"1368","Kryo",5000000,0,0.091,5000017
"1369","MessagePack",100,0.003,0,1100
"1370","MessagePack",1000,0.002,0.001,11000
"1371","MessagePack",10000,0.003,0,110000
"1372","MessagePack",20000,0.003,0.001,220000
"1373","MessagePack",100000,0.01,0.006,1100000
"1374","MessagePack",200000,0.016,0.012,2200000
"1375","MessagePack",500000,0.041,0.029,5500000
"1376","MessagePack",1000000,0.079,0.069,11000000
"1377","MessagePack",2000000,0.157,0.117,22000000
"1378","MessagePack",3000000,0.241,0.208,33000000
"1379","MessagePack",4000000,0.364,0.278,44000000
"1380","MessagePack",5000000,0.413,0.343,55000000
"1381","Json",100,0.003,0,6701
"1382","Json",1000,0.002,0.001,67001
"1383","Json",10000,0.007,0.006,670001
"1384","Json",20000,0.007,0.006,1340001
"1385","Json",100000,0.023,0.033,6700001
"1386","Json",200000,0.038,0.067,13400001
"1387","Json",500000,0.09,0.176,33500001
"1388","Json",1000000,0.175,0.387,67000001
"1389","Json",2000000,0.345,0.787,134000001
"1390","Json",3000000,0.593,1.44,201000001
"1391","Json",4000000,0.807,2.249,268000001
"1392","Json",5000000,0.957,2.593,335000001
"1393","Avro",100,0.002,0,1248
"1394","Avro",1000,0.002,0.001,10249
"1395","Avro",10000,0.003,0.002,100270
"1396","Avro",20000,0.004,0.003,200311
"1397","Avro",100000,0.017,0.011,1000564
"1398","Avro",200000,0.033,0.021,2000900
"1399","Avro",500000,0.079,0.054,5001886
"1400","Avro",1000000,0.152,0.121,10003525
"1401","Avro",2000000,0.317,0.26,20006801
"1402","Avro",3000000,0.46,0.331,30010077
"1403","Avro",4000000,0.618,0.537,40013353
"1404","Avro",5000000,0.8,0.638,50016650
"1405","Kryo",100,0,0,115
"1406","Kryo",1000,0,0,1015
"1407","Kryo",10000,0,0.001,10016
"1408","Kryo",20000,0,0,20016
"1409","Kryo",100000,0,0.002,100016
"1410","Kryo",200000,0,0.003,200016
"1411","Kryo",500000,0,0.007,500016
"1412","Kryo",1000000,0,0.015,1000016
"1413","Kryo",2000000,0,0.028,2000017
"1414","Kryo",3000000,0,0.044,3000017
"1415","Kryo",4000000,0,0.087,4000017
"1416","Kryo",5000000,0,0.08,5000017
"1417","MessagePack",100,0.002,0,1100
"1418","MessagePack",1000,0.002,0,11000
"1419","MessagePack",10000,0.003,0,110000
"1420","MessagePack",20000,0.004,0.001,220000
"1421","MessagePack",100000,0.01,0.006,1100000
"1422","MessagePack",200000,0.016,0.012,2200000
"1423","MessagePack",500000,0.048,0.031,5500000
"1424","MessagePack",1000000,0.076,0.058,11000000
"1425","MessagePack",2000000,0.183,0.124,22000000
"1426","MessagePack",3000000,0.228,0.204,33000000
"1427","MessagePack",4000000,0.311,0.24,44000000
"1428","MessagePack",5000000,0.422,0.299,55000000
"1429","Json",100,0.003,0,6701
"1430","Json",1000,0.003,0,67001
"1431","Json",10000,0.004,0.003,670001
"1432","Json",20000,0.006,0.006,1340001
"1433","Json",100000,0.019,0.032,6700001
"1434","Json",200000,0.036,0.064,13400001
"1435","Json",500000,0.087,0.16,33500001
"1436","Json",1000000,0.17,0.385,67000001
"1437","Json",2000000,0.343,0.791,134000001
"1438","Json",3000000,0.67,1.578,201000001
"1439","Json",4000000,0.871,2.23,268000001
"1440","Json",5000000,0.946,2.644,335000001
"1441","Avro",100,0.002,0,1248
"1442","Avro",1000,0.002,0,10249
"1443","Avro",10000,0.003,0.001,100270
"1444","Avro",20000,0.004,0.003,200311
"1445","Avro",100000,0.017,0.011,1000564
"1446","Avro",200000,0.032,0.022,2000900
"1447","Avro",500000,0.078,0.054,5001886
"1448","Avro",1000000,0.163,0.111,10003525
"1449","Avro",2000000,0.302,0.217,20006801
"1450","Avro",3000000,0.576,0.407,30010077
"1451","Avro",4000000,0.639,0.421,40013353
"1452","Avro",5000000,0.772,0.537,50016650
"1453","Kryo",100,0,0,115
"1454","Kryo",1000,0,0,1015
"1455","Kryo",10000,0,0,10016
"1456","Kryo",20000,0,0,20016
"1457","Kryo",100000,0,0.001,100016
"1458","Kryo",200000,0,0.003,200016
"1459","Kryo",500000,0,0.007,500016
"1460","Kryo",1000000,0,0.015,1000016
"1461","Kryo",2000000,0,0.029,2000017
"1462","Kryo",3000000,0,0.043,3000017
"1463","Kryo",4000000,0,0.083,4000017
"1464","Kryo",5000000,0,0.072,5000017
"1465","MessagePack",100,0.002,0,1100
"1466","MessagePack",1000,0.002,0,11000
"1467","MessagePack",10000,0.003,0.001,110000
"1468","MessagePack",20000,0.004,0.001,220000
"1469","MessagePack",100000,0.01,0.005,1100000
"1470","MessagePack",200000,0.016,0.012,2200000
"1471","MessagePack",500000,0.039,0.03,5500000
"1472","MessagePack",1000000,0.078,0.062,11000000
"1473","MessagePack",2000000,0.172,0.154,22000000
"1474","MessagePack",3000000,0.254,0.191,33000000
"1475","MessagePack",4000000,0.325,0.301,44000000
"1476","MessagePack",5000000,0.41,0.312,55000000
"1477","Json",100,0.003,0,6701
"1478","Json",1000,0.002,0.001,67001
"1479","Json",10000,0.005,0.003,670001
"1480","Json",20000,0.007,0.007,1340001
"1481","Json",100000,0.02,0.034,6700001
"1482","Json",200000,0.043,0.068,13400001
"1483","Json",500000,0.091,0.162,33500001
"1484","Json",1000000,0.177,0.39,67000001
"1485","Json",2000000,0.374,0.761,134000001
"1486","Json",3000000,0.564,1.432,201000001
"1487","Json",4000000,0.81,2.2,268000001
"1488","Json",5000000,1.004,2.562,335000001
"1489","Avro",100,0.003,0,1248
"1490","Avro",1000,0.002,0,10249
"1491","Avro",10000,0.003,0.002,100270
"1492","Avro",20000,0.005,0.003,200311
"1493","Avro",100000,0.018,0.01,1000564
"1494","Avro",200000,0.034,0.021,2000900
"1495","Avro",500000,0.079,0.054,5001886
"1496","Avro",1000000,0.155,0.106,10003525
"1497","Avro",2000000,0.373,0.252,20006801
"1498","Avro",3000000,0.483,0.313,30010077
"1499","Avro",4000000,0.627,0.439,40013353
"1500","Avro",5000000,0.763,0.604,50016650
"1501","Kryo",100,0,0,115
"1502","Kryo",1000,0,0,1015
"1503","Kryo",10000,0,0,10016
"1504","Kryo",20000,0,0,20016
"1505","Kryo",100000,0,0.002,100016
"1506","Kryo",200000,0,0.003,200016
"1507","Kryo",500000,0,0.008,500016
"1508","Kryo",1000000,0,0.015,1000016
"1509","Kryo",2000000,0,0.029,2000017
"1510","Kryo",3000000,0,0.045,3000017
"1511","Kryo",4000000,0,0.061,4000017
"1512","Kryo",5000000,0,0.086,5000017
"1513","MessagePack",100,0.002,0.001,1100
"1514","MessagePack",1000,0.003,0,11000
"1515","MessagePack",10000,0.004,0.001,110000
"1516","MessagePack",20000,0.005,0.001,220000
"1517","MessagePack",100000,0.01,0.009,1100000
"1518","MessagePack",200000,0.018,0.012,2200000
"1519","MessagePack",500000,0.041,0.03,5500000
"1520","MessagePack",1000000,0.078,0.062,11000000
"1521","MessagePack",2000000,0.225,0.151,22000000
"1522","MessagePack",3000000,0.243,0.188,33000000
"1523","MessagePack",4000000,0.348,0.243,44000000
"1524","MessagePack",5000000,0.431,0.336,55000000
"1525","Json",100,0.003,0,6701
"1526","Json",1000,0.003,0,67001
"1527","Json",10000,0.006,0.004,670001
"1528","Json",20000,0.007,0.008,1340001
"1529","Json",100000,0.02,0.033,6700001
"1530","Json",200000,0.036,0.064,13400001
"1531","Json",500000,0.087,0.162,33500001
"1532","Json",1000000,0.176,0.391,67000001
"1533","Json",2000000,0.356,0.818,134000001
"1534","Json",3000000,0.597,1.383,201000001
"1535","Json",4000000,0.834,2.294,268000001
"1536","Json",5000000,1.024,2.571,335000001
"1537","Avro",100,0.002,0,1248
"1538","Avro",1000,0.002,0,10249
"1539","Avro",10000,0.003,0.001,100270
"1540","Avro",20000,0.006,0.002,200311
"1541","Avro",100000,0.018,0.01,1000564
"1542","Avro",200000,0.034,0.021,2000900
"1543","Avro",500000,0.08,0.072,5001886
"1544","Avro",1000000,0.151,0.105,10003525
"1545","Avro",2000000,0.323,0.233,20006801
"1546","Avro",3000000,0.495,0.315,30010077
"1547","Avro",4000000,0.622,0.435,40013353
"1548","Avro",5000000,0.91,0.592,50016650
"1549","Kryo",100,0,0,115
"1550","Kryo",1000,0,0,1015
"1551","Kryo",10000,0,0,10016
"1552","Kryo",20000,0,0.001,20016
"1553","Kryo",100000,0,0.002,100016
"1554","Kryo",200000,0,0.003,200016
"1555","Kryo",500000,0,0.007,500016
"1556","Kryo",1000000,0,0.015,1000016
"1557","Kryo",2000000,0,0.029,2000017
"1558","Kryo",3000000,0,0.044,3000017
"1559","Kryo",4000000,0,0.057,4000017
"1560","Kryo",5000000,0,0.075,5000017
"1561","MessagePack",100,0.002,0,1100
"1562","MessagePack",1000,0.002,0,11000
"1563","MessagePack",10000,0.002,0.001,110000
"1564","MessagePack",20000,0.003,0.001,220000
"1565","MessagePack",100000,0.009,0.006,1100000
"1566","MessagePack",200000,0.017,0.011,2200000
"1567","MessagePack",500000,0.04,0.029,5500000
"1568","MessagePack",1000000,0.082,0.069,11000000
"1569","MessagePack",2000000,0.169,0.171,22000000
"1570","MessagePack",3000000,0.236,0.215,33000000
"1571","MessagePack",4000000,0.352,0.251,44000000
"1572","MessagePack",5000000,0.401,0.36,55000000
"1573","Json",100,0.003,0,6701
"1574","Json",1000,0.003,0,67001
"1575","Json",10000,0.005,0.003,670001
"1576","Json",20000,0.007,0.006,1340001
"1577","Json",100000,0.02,0.035,6700001
"1578","Json",200000,0.04,0.065,13400001
"1579","Json",500000,0.091,0.162,33500001
"1580","Json",1000000,0.174,0.39,67000001
"1581","Json",2000000,0.352,0.78,134000001
"1582","Json",3000000,0.712,1.471,201000001
"1583","Json",4000000,0.796,2.301,268000001
"1584","Json",5000000,1.052,2.722,335000001
"1585","Avro",100,0.002,0.001,1248
"1586","Avro",1000,0.002,0.001,10249
"1587","Avro",10000,0.003,0.001,100270
"1588","Avro",20000,0.005,0.002,200311
"1589","Avro",100000,0.017,0.011,1000564
"1590","Avro",200000,0.033,0.021,2000900
"1591","Avro",500000,0.079,0.057,5001886
"1592","Avro",1000000,0.165,0.123,10003525
"1593","Avro",2000000,0.299,0.211,20006801
"1594","Avro",3000000,0.49,0.351,30010077
"1595","Avro",4000000,0.626,0.437,40013353
"1596","Avro",5000000,0.835,0.563,50016650
"1597","Kryo",100,0,0,115
"1598","Kryo",1000,0,0,1015
"1599","Kryo",10000,0,0,10016
"1600","Kryo",20000,0,0,20016
"1601","Kryo",100000,0,0.002,100016
"1602","Kryo",200000,0,0.002,200016
"1603","Kryo",500000,0,0.008,500016
"1604","Kryo",1000000,0,0.015,1000016
"1605","Kryo",2000000,0,0.029,2000017
"1606","Kryo",3000000,0,0.055,3000017
"1607","Kryo",4000000,0,0.06,4000017
"1608","Kryo",5000000,0,0.073,5000017
"1609","MessagePack",100,0.002,0,1100
"1610","MessagePack",1000,0.002,0,11000
"1611","MessagePack",10000,0.003,0.001,110000
"1612","MessagePack",20000,0.004,0.002,220000
"1613","MessagePack",100000,0.009,0.007,1100000
"1614","MessagePack",200000,0.018,0.012,2200000
"1615","MessagePack",500000,0.039,0.029,5500000
"1616","MessagePack",1000000,0.078,0.071,11000000
"1617","MessagePack",2000000,0.175,0.138,22000000
"1618","MessagePack",3000000,0.252,0.212,33000000
"1619","MessagePack",4000000,0.341,0.285,44000000
"1620","MessagePack",5000000,0.432,0.324,55000000
"1621","Json",100,0.002,0,6701
"1622","Json",1000,0.003,0.001,67001
"1623","Json",10000,0.004,0.004,670001
"1624","Json",20000,0.006,0.007,1340001
"1625","Json",100000,0.02,0.032,6700001
"1626","Json",200000,0.037,0.067,13400001
"1627","Json",500000,0.088,0.165,33500001
"1628","Json",1000000,0.175,0.388,67000001
"1629","Json",2000000,0.345,0.774,134000001
"1630","Json",3000000,0.573,1.506,201000001
"1631","Json",4000000,0.846,2.376,268000001
"1632","Json",5000000,0.983,2.515,335000001
"1633","Avro",100,0.002,0,1248
"1634","Avro",1000,0.003,0,10249
"1635","Avro",10000,0.003,0.001,100270
"1636","Avro",20000,0.005,0.002,200311
"1637","Avro",100000,0.017,0.011,1000564
"1638","Avro",200000,0.035,0.04,2000900
"1639","Avro",500000,0.08,0.054,5001886
"1640","Avro",1000000,0.175,0.112,10003525
"1641","Avro",2000000,0.379,0.215,20006801
"1642","Avro",3000000,0.537,0.351,30010077
"1643","Avro",4000000,0.713,0.46,40013353
"1644","Avro",5000000,0.928,0.561,50016650
"1645","Kryo",100,0,0,115
"1646","Kryo",1000,0,0,1015
"1647","Kryo",10000,0,0,10016
"1648","Kryo",20000,0,0.001,20016
"1649","Kryo",100000,0,0.001,100016
"1650","Kryo",200000,0,0.003,200016
"1651","Kryo",500000,0,0.007,500016
"1652","Kryo",1000000,0,0.014,1000016
"1653","Kryo",2000000,0,0.029,2000017
"1654","Kryo",3000000,0,0.043,3000017
"1655","Kryo",4000000,0,0.06,4000017
"1656","Kryo",5000000,0,0.072,5000017
"1657","MessagePack",100,0.002,0,1100
"1658","MessagePack",1000,0.003,0,11000
"1659","MessagePack",10000,0.003,0.001,110000
"1660","MessagePack",20000,0.004,0.001,220000
"1661","MessagePack",100000,0.01,0.006,1100000
"1662","MessagePack",200000,0.017,0.011,2200000
"1663","MessagePack",500000,0.04,0.031,5500000
"1664","MessagePack",1000000,0.077,0.059,11000000
"1665","MessagePack",2000000,0.166,0.12,22000000
"1666","MessagePack",3000000,0.278,0.221,33000000
"1667","MessagePack",4000000,0.354,0.25,44000000
"1668","MessagePack",5000000,0.421,0.316,55000000
"1669","Json",100,0.003,0,6701
"1670","Json",1000,0.003,0,67001
"1671","Json",10000,0.005,0.003,670001
"1672","Json",20000,0.006,0.007,1340001
"1673","Json",100000,0.021,0.051,6700001
"1674","Json",200000,0.037,0.066,13400001
"1675","Json",500000,0.094,0.165,33500001
"1676","Json",1000000,0.171,0.385,67000001
"1677","Json",2000000,0.344,0.8,134000001
"1678","Json",3000000,0.594,1.526,201000001
"1679","Json",4000000,0.895,2.264,268000001
"1680","Json",5000000,1.006,2.593,335000001
"1681","Avro",100,0.002,0,1248
"1682","Avro",1000,0.002,0,10249
"1683","Avro",10000,0.003,0.002,100270
"1684","Avro",20000,0.005,0.002,200311
"1685","Avro",100000,0.017,0.011,1000564
"1686","Avro",200000,0.033,0.022,2000900
"1687","Avro",500000,0.078,0.053,5001886
"1688","Avro",1000000,0.162,0.115,10003525
"1689","Avro",2000000,0.312,0.213,20006801
"1690","Avro",3000000,0.481,0.356,30010077
"1691","Avro",4000000,0.818,0.441,40013353
"1692","Avro",5000000,0.905,0.606,50016650
"1693","Kryo",100,0,0,115
"1694","Kryo",1000,0,0,1015
"1695","Kryo",10000,0,0,10016
"1696","Kryo",20000,0,0,20016
"1697","Kryo",100000,0,0.002,100016
"1698","Kryo",200000,0,0.003,200016
"1699","Kryo",500000,0,0.008,500016
"1700","Kryo",1000000,0,0.014,1000016
"1701","Kryo",2000000,0,0.029,2000017
"1702","Kryo",3000000,0,0.043,3000017
"1703","Kryo",4000000,0,0.062,4000017
"1704","Kryo",5000000,0,0.088,5000017
"1705","MessagePack",100,0.002,0,1100
"1706","MessagePack",1000,0.002,0,11000
"1707","MessagePack",10000,0.003,0,110000
"1708","MessagePack",20000,0.003,0.002,220000
"1709","MessagePack",100000,0.01,0.006,1100000
"1710","MessagePack",200000,0.018,0.012,2200000
"1711","MessagePack",500000,0.04,0.031,5500000
"1712","MessagePack",1000000,0.078,0.058,11000000
"1713","MessagePack",2000000,0.17,0.171,22000000
"1714","MessagePack",3000000,0.261,0.178,33000000
"1715","MessagePack",4000000,0.397,0.336,44000000
"1716","MessagePack",5000000,0.393,0.391,55000000
"1717","Json",100,0.003,0,6701
"1718","Json",1000,0.003,0,67001
"1719","Json",10000,0.004,0.004,670001
"1720","Json",20000,0.007,0.006,1340001
"1721","Json",100000,0.02,0.033,6700001
"1722","Json",200000,0.038,0.084,13400001
"1723","Json",500000,0.102,0.199,33500001
"1724","Json",1000000,0.184,0.42,67000001
"1725","Json",2000000,0.362,0.808,134000001
"1726","Json",3000000,0.629,1.556,201000001
"1727","Json",4000000,0.853,2.305,268000001
"1728","Json",5000000,0.967,2.628,335000001
"1729","Avro",100,0.002,0,1248
"1730","Avro",1000,0.002,0,10249
"1731","Avro",10000,0.003,0.001,100270
"1732","Avro",20000,0.005,0.002,200311
"1733","Avro",100000,0.024,0.01,1000564
"1734","Avro",200000,0.033,0.021,2000900
"1735","Avro",500000,0.098,0.054,5001886
"1736","Avro",1000000,0.151,0.104,10003525
"1737","Avro",2000000,0.3,0.222,20006801
"1738","Avro",3000000,0.523,0.309,30010077
"1739","Avro",4000000,0.615,0.434,40013353
"1740","Avro",5000000,0.744,0.568,50016650
"1741","Kryo",100,0,0,115
"1742","Kryo",1000,0,0.001,1015
"1743","Kryo",10000,0,0.001,10016
"1744","Kryo",20000,0,0.001,20016
"1745","Kryo",100000,0,0.001,100016
"1746","Kryo",200000,0,0.003,200016
"1747","Kryo",500000,0,0.008,500016
"1748","Kryo",1000000,0,0.014,1000016
"1749","Kryo",2000000,0,0.029,2000017
"1750","Kryo",3000000,0,0.044,3000017
"1751","Kryo",4000000,0,0.079,4000017
"1752","Kryo",5000000,0,0.074,5000017
"1753","MessagePack",100,0.003,0,1100
"1754","MessagePack",1000,0.002,0,11000
"1755","MessagePack",10000,0.003,0.001,110000
"1756","MessagePack",20000,0.004,0.001,220000
"1757","MessagePack",100000,0.009,0.006,1100000
"1758","MessagePack",200000,0.017,0.011,2200000
"1759","MessagePack",500000,0.04,0.029,5500000
"1760","MessagePack",1000000,0.079,0.059,11000000
"1761","MessagePack",2000000,0.183,0.145,22000000
"1762","MessagePack",3000000,0.249,0.206,33000000
"1763","MessagePack",4000000,0.315,0.245,44000000
"1764","MessagePack",5000000,0.419,0.32,55000000
"1765","Json",100,0.002,0.001,6701
"1766","Json",1000,0.003,0,67001
"1767","Json",10000,0.005,0.003,670001
"1768","Json",20000,0.006,0.007,1340001
"1769","Json",100000,0.02,0.034,6700001
"1770","Json",200000,0.048,0.078,13400001
"1771","Json",500000,0.095,0.165,33500001
"1772","Json",1000000,0.177,0.399,67000001
"1773","Json",2000000,0.366,0.756,134000001
"1774","Json",3000000,0.591,1.467,201000001
"1775","Json",4000000,0.787,2.359,268000001
"1776","Json",5000000,1.018,2.554,335000001
"1777","Avro",100,0.002,0,1248
"1778","Avro",1000,0.002,0,10249
"1779","Avro",10000,0.003,0.001,100270
"1780","Avro",20000,0.005,0.002,200311
"1781","Avro",100000,0.02,0.01,1000564
"1782","Avro",200000,0.033,0.022,2000900
"1783","Avro",500000,0.081,0.052,5001886
"1784","Avro",1000000,0.153,0.104,10003525
"1785","Avro",2000000,0.322,0.231,20006801
"1786","Avro",3000000,0.528,0.36,30010077
"1787","Avro",4000000,0.611,0.438,40013353
"1788","Avro",5000000,0.897,0.656,50016650
"1789","Kryo",100,0,0,115
"1790","Kryo",1000,0,0,1015
"1791","Kryo",10000,0,0.001,10016
"1792","Kryo",20000,0,0.001,20016
"1793","Kryo",100000,0,0.002,100016
"1794","Kryo",200000,0,0.003,200016
"1795","Kryo",500000,0,0.008,500016
"1796","Kryo",1000000,0,0.014,1000016
"1797","Kryo",2000000,0,0.048,2000017
"1798","Kryo",3000000,0,0.044,3000017
"1799","Kryo",4000000,0,0.057,4000017
"1800","Kryo",5000000,0,0.072,5000017
"1801","MessagePack",100,0.002,0,1100
"1802","MessagePack",1000,0.002,0,11000
"1803","MessagePack",10000,0.003,0,110000
"1804","MessagePack",20000,0.003,0.001,220000
"1805","MessagePack",100000,0.01,0.006,1100000
"1806","MessagePack",200000,0.017,0.012,2200000
"1807","MessagePack",500000,0.039,0.03,5500000
"1808","MessagePack",1000000,0.081,0.06,11000000
"1809","MessagePack",2000000,0.151,0.116,22000000
"1810","MessagePack",3000000,0.252,0.195,33000000
"1811","MessagePack",4000000,0.341,0.24,44000000
"1812","MessagePack",5000000,0.381,0.301,55000000
"1813","Json",100,0.002,0,6701
"1814","Json",1000,0.003,0,67001
"1815","Json",10000,0.004,0.004,670001
"1816","Json",20000,0.006,0.007,1340001
"1817","Json",100000,0.019,0.032,6700001
"1818","Json",200000,0.036,0.064,13400001
"1819","Json",500000,0.088,0.162,33500001
"1820","Json",1000000,0.175,0.399,67000001
"1821","Json",2000000,0.385,0.793,134000001
"1822","Json",3000000,0.709,1.492,201000001
"1823","Json",4000000,0.804,2.313,268000001
"1824","Json",5000000,1.083,2.65,335000001
"1825","Avro",100,0.004,0.001,1248
"1826","Avro",1000,0.002,0,10249
"1827","Avro",10000,0.004,0.001,100270
"1828","Avro",20000,0.005,0.002,200311
"1829","Avro",100000,0.017,0.011,1000564
"1830","Avro",200000,0.032,0.022,2000900
"1831","Avro",500000,0.078,0.052,5001886
"1832","Avro",1000000,0.161,0.113,10003525
"1833","Avro",2000000,0.315,0.208,20006801
"1834","Avro",3000000,0.563,0.338,30010077
"1835","Avro",4000000,0.63,0.436,40013353
"1836","Avro",5000000,0.838,0.655,50016650
"1837","Kryo",100,0,0,115
"1838","Kryo",1000,0,0,1015
"1839","Kryo",10000,0,0,10016
"1840","Kryo",20000,0,0.001,20016
"1841","Kryo",100000,0,0.002,100016
"1842","Kryo",200000,0,0.003,200016
"1843","Kryo",500000,0,0.008,500016
"1844","Kryo",1000000,0,0.015,1000016
"1845","Kryo",2000000,0,0.029,2000017
"1846","Kryo",3000000,0,0.045,3000017
"1847","Kryo",4000000,0,0.06,4000017
"1848","Kryo",5000000,0,0.072,5000017
"1849","MessagePack",100,0.002,0,1100
"1850","MessagePack",1000,0.003,0,11000
"1851","MessagePack",10000,0.003,0,110000
"1852","MessagePack",20000,0.003,0.001,220000
"1853","MessagePack",100000,0.01,0.006,1100000
"1854","MessagePack",200000,0.017,0.012,2200000
"1855","MessagePack",500000,0.04,0.029,5500000
"1856","MessagePack",1000000,0.078,0.061,11000000
"1857","MessagePack",2000000,0.154,0.115,22000000
"1858","MessagePack",3000000,0.258,0.177,33000000
"1859","MessagePack",4000000,0.303,0.272,44000000
"1860","MessagePack",5000000,0.392,0.325,55000000
"1861","Json",100,0.003,0,6701
"1862","Json",1000,0.003,0,67001
"1863","Json",10000,0.004,0.004,670001
"1864","Json",20000,0.006,0.007,1340001
"1865","Json",100000,0.02,0.032,6700001
"1866","Json",200000,0.036,0.065,13400001
"1867","Json",500000,0.099,0.178,33500001
"1868","Json",1000000,0.172,0.385,67000001
"1869","Json",2000000,0.357,0.796,134000001
"1870","Json",3000000,0.648,1.499,201000001
"1871","Json",4000000,0.796,2.246,268000001
"1872","Json",5000000,0.966,2.614,335000001
"1873","Avro",100,0.002,0,1248
"1874","Avro",1000,0.002,0,10249
"1875","Avro",10000,0.003,0.001,100270
"1876","Avro",20000,0.004,0.003,200311
"1877","Avro",100000,0.017,0.011,1000564
"1878","Avro",200000,0.033,0.021,2000900
"1879","Avro",500000,0.079,0.053,5001886
"1880","Avro",1000000,0.178,0.104,10003525
"1881","Avro",2000000,0.304,0.222,20006801
"1882","Avro",3000000,0.472,0.309,30010077
"1883","Avro",4000000,0.687,0.452,40013353
"1884","Avro",5000000,0.757,0.631,50016650
"1885","Kryo",100,0,0,115
"1886","Kryo",1000,0,0,1015
"1887","Kryo",10000,0,0,10016
"1888","Kryo",20000,0,0,20016
"1889","Kryo",100000,0,0.002,100016
"1890","Kryo",200000,0,0.003,200016
"1891","Kryo",500000,0,0.008,500016
"1892","Kryo",1000000,0,0.014,1000016
"1893","Kryo",2000000,0,0.038,2000017
"1894","Kryo",3000000,0,0.043,3000017
"1895","Kryo",4000000,0,0.061,4000017
"1896","Kryo",5000000,0,0.075,5000017
"1897","MessagePack",100,0.002,0,1100
"1898","MessagePack",1000,0.003,0,11000
"1899","MessagePack",10000,0.003,0,110000
"1900","MessagePack",20000,0.004,0.001,220000
"1901","MessagePack",100000,0.01,0.006,1100000
"1902","MessagePack",200000,0.017,0.012,2200000
"1903","MessagePack",500000,0.039,0.03,5500000
"1904","MessagePack",1000000,0.079,0.058,11000000
"1905","MessagePack",2000000,0.163,0.117,22000000
"1906","MessagePack",3000000,0.276,0.226,33000000
"1907","MessagePack",4000000,0.347,0.251,44000000
"1908","MessagePack",5000000,0.374,0.339,55000000
"1909","Json",100,0.003,0,6701
"1910","Json",1000,0.003,0,67001
"1911","Json",10000,0.004,0.004,670001
"1912","Json",20000,0.006,0.007,1340001
"1913","Json",100000,0.019,0.033,6700001
"1914","Json",200000,0.038,0.066,13400001
"1915","Json",500000,0.086,0.161,33500001
"1916","Json",1000000,0.175,0.397,67000001
"1917","Json",2000000,0.355,0.809,134000001
"1918","Json",3000000,0.653,1.536,201000001
"1919","Json",4000000,0.853,2.369,268000001
"1920","Json",5000000,1.066,2.632,335000001
